test_ID,Dataset,Adjacencia,k,Ponderacao,Simetrica,Conectado,Propagacao,PorcRot,NumExp,SeedExp,TempExp,NumNRot,Acuracia,F_measure
0,ace_ECFP_4.data,mutKNN,2,RBF,True,True,LapRLS,0.02,0,190,0.0299759904543558,0,0.5,0.3184275184275184
1,ace_ECFP_4.data,mutKNN,2,RBF,True,True,LapRLS,0.05,0,155,0.0548196713129679,0,0.5,0.312962962962963
2,ace_ECFP_4.data,mutKNN,2,RBF,True,True,LapRLS,0.08,0,117,0.0777067184448242,0,0.5,0.3017848164906988
3,ace_ECFP_4.data,mutKNN,2,RBF,True,True,LapRLS,0.1,0,95,0.0998376210530598,0,0.5,0.3442831678125795
4,ace_ECFP_4.data,mutKNN,2,HM,True,True,LapRLS,0.02,0,96,0.1159978787104288,0,0.5,0.3086134915403208
5,ace_ECFP_4.data,mutKNN,2,HM,True,True,LapRLS,0.05,0,59,0.1264468948046366,0,0.5,0.312962962962963
6,ace_ECFP_4.data,mutKNN,2,HM,True,True,LapRLS,0.08,0,40,0.1369072238604227,0,0.5,0.2813295975547631
7,ace_ECFP_4.data,mutKNN,2,HM,True,True,LapRLS,0.1,0,65,0.1472373723983764,0,0.5,0.2803391626921038
8,ace_ECFP_4.data,mutKNN,2,LLE,True,True,LapRLS,0.02,0,76,0.1619433919588724,0,0.5,0.3184275184275184
9,ace_ECFP_4.data,mutKNN,2,LLE,True,True,LapRLS,0.05,0,127,0.1724089781443278,0,0.5,0.3230963883137796
10,ace_ECFP_4.data,mutKNN,2,LLE,True,True,LapRLS,0.08,0,40,0.1832740068435669,0,0.5,0.2813295975547631
11,ace_ECFP_4.data,mutKNN,2,LLE,True,True,LapRLS,0.1,0,65,0.1940538962682088,0,0.5,0.2803391626921038
12,ace_ECFP_4.data,symKNN,2,RBF,True,True,LapRLS,0.02,0,76,0.2089288314183553,0,0.5,0.3184275184275184
13,ace_ECFP_4.data,symKNN,2,RBF,True,True,LapRLS,0.05,0,127,0.2214956800142924,0,0.5,0.3230963883137796
14,ace_ECFP_4.data,symKNN,2,RBF,True,True,LapRLS,0.08,0,40,0.2329383969306945,0,0.5,0.2813295975547631
15,ace_ECFP_4.data,symKNN,2,RBF,True,True,LapRLS,0.1,0,65,0.2433664719263712,0,0.5,0.2803391626921038
16,ace_ECFP_4.data,symKNN,2,HM,True,True,LapRLS,0.02,0,76,0.2582724531491597,0,0.5,0.3184275184275184
17,ace_ECFP_4.data,symKNN,2,HM,True,True,LapRLS,0.05,0,127,0.2691244125366211,0,0.5,0.3230963883137796
18,ace_ECFP_4.data,symKNN,2,HM,True,True,LapRLS,0.08,0,40,0.2799224495887756,0,0.5,0.2813295975547631
19,ace_ECFP_4.data,symKNN,2,HM,True,True,LapRLS,0.1,0,65,0.2912903626759847,0,0.5,0.2803391626921038
20,ace_ECFP_4.data,symKNN,2,LLE,True,True,LapRLS,0.02,0,76,0.303445831934611,0,0.5,0.3184275184275184
21,ace_ECFP_4.data,symKNN,2,LLE,True,True,LapRLS,0.05,0,127,0.3146363019943237,0,0.5,0.3230963883137796
22,ace_ECFP_4.data,symKNN,2,LLE,True,True,LapRLS,0.08,0,40,0.3249522805213928,0,0.5,0.2813295975547631
23,ace_ECFP_4.data,symKNN,2,LLE,True,True,LapRLS,0.1,0,65,0.3355016152064005,0,0.5,0.2803391626921038
24,ace_ECFP_4.data,symFKNN,2,RBF,True,True,LapRLS,0.02,0,76,0.3491051157315572,0,0.5,0.3184275184275184
25,ace_ECFP_4.data,symFKNN,2,RBF,True,True,LapRLS,0.05,0,127,0.3601817051569621,0,0.5,0.3230963883137796
26,ace_ECFP_4.data,symFKNN,2,RBF,True,True,LapRLS,0.08,0,40,0.3720707376797994,0,0.5,0.2813295975547631
27,ace_ECFP_4.data,symFKNN,2,RBF,True,True,LapRLS,0.1,0,65,0.3830263574918111,0,0.5,0.2803391626921038
28,ace_ECFP_4.data,symFKNN,2,HM,True,True,LapRLS,0.02,0,76,0.3989253004391988,0,0.5,0.3184275184275184
29,ace_ECFP_4.data,symFKNN,2,HM,True,True,LapRLS,0.05,0,127,0.4098961989084879,0,0.5,0.3230963883137796
30,ace_ECFP_4.data,symFKNN,2,HM,True,True,LapRLS,0.08,0,40,0.420204750696818,0,0.5,0.2813295975547631
31,ace_ECFP_4.data,symFKNN,2,HM,True,True,LapRLS,0.1,0,65,0.4312797705332438,0,0.5,0.2803391626921038
32,ace_ECFP_4.data,symFKNN,2,LLE,True,True,LapRLS,0.02,0,76,0.4436583081881205,0,0.5,0.3184275184275184
33,ace_ECFP_4.data,symFKNN,2,LLE,True,True,LapRLS,0.05,0,127,0.4544883370399475,0,0.5,0.3230963883137796
34,ace_ECFP_4.data,symFKNN,2,LLE,True,True,LapRLS,0.08,0,40,0.4659767190615336,0,0.5,0.2813295975547631
35,ace_ECFP_4.data,symFKNN,2,LLE,True,True,LapRLS,0.1,0,65,0.4765816450119018,0,0.5,0.2803391626921038
36,ace_ECFP_4.data,MST,2,RBF,True,True,LapRLS,0.02,0,76,0.492341136932373,0,0.5,0.3184275184275184
37,ace_ECFP_4.data,MST,2,RBF,True,True,LapRLS,0.05,0,127,0.5030362168947856,0,0.5,0.3230963883137796
38,ace_ECFP_4.data,MST,2,RBF,True,True,LapRLS,0.08,0,40,0.5137631853421529,0,0.5,0.2813295975547631
39,ace_ECFP_4.data,MST,2,RBF,True,True,LapRLS,0.1,0,65,0.5246822913487752,0,0.5,0.2803391626921038
40,ace_ECFP_4.data,MST,2,HM,True,True,LapRLS,0.02,0,76,0.5401016751925151,0,0.5,0.3184275184275184
41,ace_ECFP_4.data,MST,2,HM,True,True,LapRLS,0.05,0,127,0.5504462957382202,0,0.5,0.3230963883137796
42,ace_ECFP_4.data,MST,2,HM,True,True,LapRLS,0.08,0,40,0.5609781901041667,0,0.5,0.2813295975547631
43,ace_ECFP_4.data,MST,2,HM,True,True,LapRLS,0.1,0,65,0.5719420433044433,0,0.5,0.2803391626921038
44,ace_ECFP_4.data,MST,2,LLE,True,True,LapRLS,0.02,0,76,0.5837125619252522,0,0.5,0.3184275184275184
45,ace_ECFP_4.data,MST,2,LLE,True,True,LapRLS,0.05,0,127,0.5943723479906718,0,0.5,0.3230963883137796
46,ace_ECFP_4.data,MST,2,LLE,True,True,LapRLS,0.08,0,40,0.6053552627563477,0,0.5,0.2813295975547631
47,ace_ECFP_4.data,MST,2,LLE,True,True,LapRLS,0.1,0,65,0.6157374064127604,0,0.5,0.2803391626921038
48,ace_ECFP_4.data,mutKNN,4,RBF,True,True,LapRLS,0.02,0,76,0.6298692941665649,0,0.5,0.3184275184275184
49,ace_ECFP_4.data,mutKNN,4,RBF,True,True,LapRLS,0.05,0,127,0.640838102499644,0,0.5,0.3230963883137796
50,ace_ECFP_4.data,mutKNN,4,RBF,True,True,LapRLS,0.08,0,40,0.6512694954872131,0,0.5,0.2813295975547631
51,ace_ECFP_4.data,mutKNN,4,RBF,True,True,LapRLS,0.1,0,65,0.6614553610483805,0,0.5,0.2803391626921038
52,ace_ECFP_4.data,mutKNN,4,HM,True,True,LapRLS,0.02,0,76,0.6765773177146912,0,0.5,0.3184275184275184
53,ace_ECFP_4.data,mutKNN,4,HM,True,True,LapRLS,0.05,0,127,0.6875998934110006,0,0.5,0.3230963883137796
54,ace_ECFP_4.data,mutKNN,4,HM,True,True,LapRLS,0.08,0,40,0.6979639212290446,0,0.5,0.2813295975547631
55,ace_ECFP_4.data,mutKNN,4,HM,True,True,LapRLS,0.1,0,65,0.7094545841217041,0,0.5,0.2803391626921038
56,ace_ECFP_4.data,mutKNN,4,LLE,True,True,LapRLS,0.02,0,76,0.7217069427172343,0,0.5,0.3184275184275184
57,ace_ECFP_4.data,mutKNN,4,LLE,True,True,LapRLS,0.05,0,127,0.7329212705294291,0,0.5,0.3230963883137796
58,ace_ECFP_4.data,mutKNN,4,LLE,True,True,LapRLS,0.08,0,40,0.7441512862841289,0,0.5,0.2813295975547631
59,ace_ECFP_4.data,mutKNN,4,LLE,True,True,LapRLS,0.1,0,65,0.7558850844701132,0,0.5,0.2803391626921038
60,ace_ECFP_4.data,symKNN,4,RBF,True,True,LapRLS,0.02,0,76,0.7692124009132385,0,0.5,0.3184275184275184
61,ace_ECFP_4.data,symKNN,4,RBF,True,True,LapRLS,0.05,0,127,0.7806887070337931,0,0.5,0.3230963883137796
62,ace_ECFP_4.data,symKNN,4,RBF,True,True,LapRLS,0.08,0,40,0.7907213250796,0,0.5,0.2813295975547631
63,ace_ECFP_4.data,symKNN,4,RBF,True,True,LapRLS,0.1,0,65,0.8018280069033304,0,0.5,0.2803391626921038
64,ace_ECFP_4.data,symKNN,4,HM,True,True,LapRLS,0.02,0,76,0.8161675492922466,0,0.5,0.3184275184275184
65,ace_ECFP_4.data,symKNN,4,HM,True,True,LapRLS,0.05,0,127,0.8267584681510926,0,0.5,0.3230963883137796
66,ace_ECFP_4.data,symKNN,4,HM,True,True,LapRLS,0.08,0,40,0.8378472089767456,0,0.5,0.2813295975547631
67,ace_ECFP_4.data,symKNN,4,HM,True,True,LapRLS,0.1,0,65,0.8485223293304444,0,0.5,0.2803391626921038
68,ace_ECFP_4.data,symKNN,4,LLE,True,True,LapRLS,0.02,0,76,0.8610740741093953,0,0.5,0.3184275184275184
69,ace_ECFP_4.data,symKNN,4,LLE,True,True,LapRLS,0.05,0,127,0.8730668743451436,0,0.5,0.3230963883137796
70,ace_ECFP_4.data,symKNN,4,LLE,True,True,LapRLS,0.08,0,40,0.8860846360524496,0,0.5,0.2813295975547631
71,ace_ECFP_4.data,symKNN,4,LLE,True,True,LapRLS,0.1,0,65,0.8996711691220601,0,0.5,0.2803391626921038
72,ace_ECFP_4.data,symFKNN,4,RBF,True,True,LapRLS,0.02,0,76,0.9200017134348552,0,0.5,0.3184275184275184
73,ace_ECFP_4.data,symFKNN,4,RBF,True,True,LapRLS,0.05,0,127,0.9406055251757304,0,0.5,0.3230963883137796
74,ace_ECFP_4.data,symFKNN,4,RBF,True,True,LapRLS,0.08,0,40,0.9570430278778076,0,0.5,0.2813295975547631
75,ace_ECFP_4.data,symFKNN,4,RBF,True,True,LapRLS,0.1,0,65,0.9719184001286824,0,0.5,0.2803391626921038
76,ace_ECFP_4.data,symFKNN,4,HM,True,True,LapRLS,0.02,0,76,0.9925227681795756,0,0.5,0.3184275184275184
77,ace_ECFP_4.data,symFKNN,4,HM,True,True,LapRLS,0.05,0,127,1.0061097502708436,0,0.5,0.3230963883137796
78,ace_ECFP_4.data,symFKNN,4,HM,True,True,LapRLS,0.08,0,40,1.0164910236994424,0,0.5,0.2813295975547631
79,ace_ECFP_4.data,symFKNN,4,HM,True,True,LapRLS,0.1,0,65,1.0275311907132467,0,0.5,0.2803391626921038
80,ace_ECFP_4.data,symFKNN,4,LLE,True,True,LapRLS,0.02,0,76,1.0397822380065918,0,0.5,0.3184275184275184
81,ace_ECFP_4.data,symFKNN,4,LLE,True,True,LapRLS,0.05,0,127,1.050616550445557,0,0.5,0.3230963883137796
82,ace_ECFP_4.data,symFKNN,4,LLE,True,True,LapRLS,0.08,0,40,1.0624887625376382,0,0.5,0.2813295975547631
83,ace_ECFP_4.data,symFKNN,4,LLE,True,True,LapRLS,0.1,0,65,1.0731813510258992,0,0.5,0.2803391626921038
84,ace_ECFP_4.data,MST,4,RBF,True,True,LapRLS,0.02,0,76,1.089112655321757,0,0.5,0.3184275184275184
85,ace_ECFP_4.data,MST,4,RBF,True,True,LapRLS,0.05,0,127,1.099761418501536,0,0.5,0.3230963883137796
86,ace_ECFP_4.data,MST,4,RBF,True,True,LapRLS,0.08,0,40,1.111003828048706,0,0.5,0.2813295975547631
87,ace_ECFP_4.data,MST,4,RBF,True,True,LapRLS,0.1,0,65,1.1216197888056436,0,0.5,0.2803391626921038
88,ace_ECFP_4.data,MST,4,HM,True,True,LapRLS,0.02,0,76,1.1374759991963703,0,0.5,0.3184275184275184
89,ace_ECFP_4.data,MST,4,HM,True,True,LapRLS,0.05,0,127,1.147592051823934,0,0.5,0.3230963883137796
90,ace_ECFP_4.data,MST,4,HM,True,True,LapRLS,0.08,0,40,1.1585121393203734,0,0.5,0.2813295975547631
91,ace_ECFP_4.data,MST,4,HM,True,True,LapRLS,0.1,0,65,1.1689783692359923,0,0.5,0.2803391626921038
92,ace_ECFP_4.data,MST,4,LLE,True,True,LapRLS,0.02,0,76,1.1809383193651837,0,0.5,0.3184275184275184
93,ace_ECFP_4.data,MST,4,LLE,True,True,LapRLS,0.05,0,127,1.1921677708625793,0,0.5,0.3230963883137796
94,ace_ECFP_4.data,MST,4,LLE,True,True,LapRLS,0.08,0,40,1.2033145387967428,0,0.5,0.2813295975547631
95,ace_ECFP_4.data,MST,4,LLE,True,True,LapRLS,0.1,0,65,1.2140737056732178,0,0.5,0.2803391626921038
96,ace_ECFP_4.data,mutKNN,6,RBF,True,True,LapRLS,0.02,0,76,1.2276630322138469,0,0.5,0.3184275184275184
97,ace_ECFP_4.data,mutKNN,6,RBF,True,True,LapRLS,0.05,0,127,1.2383399645487467,0,0.5,0.3230963883137796
98,ace_ECFP_4.data,mutKNN,6,RBF,True,True,LapRLS,0.08,0,40,1.2490495284398395,0,0.5,0.2813295975547631
99,ace_ECFP_4.data,mutKNN,6,RBF,True,True,LapRLS,0.1,0,65,1.2589598139127096,0,0.5,0.2803391626921038
100,ace_ECFP_4.data,mutKNN,6,HM,True,True,LapRLS,0.02,0,76,1.2736291925112406,0,0.5,0.3184275184275184
101,ace_ECFP_4.data,mutKNN,6,HM,True,True,LapRLS,0.05,0,127,1.2845466613769532,0,0.5,0.3230963883137796
102,ace_ECFP_4.data,mutKNN,6,HM,True,True,LapRLS,0.08,0,40,1.2942795674006145,0,0.5,0.2813295975547631
103,ace_ECFP_4.data,mutKNN,6,HM,True,True,LapRLS,0.1,0,65,1.3045061588287354,0,0.5,0.2803391626921038
104,ace_ECFP_4.data,mutKNN,6,LLE,True,True,LapRLS,0.02,0,76,1.31665442387263,0,0.5,0.3184275184275184
105,ace_ECFP_4.data,mutKNN,6,LLE,True,True,LapRLS,0.05,0,127,1.3269690990447998,0,0.5,0.3230963883137796
106,ace_ECFP_4.data,mutKNN,6,LLE,True,True,LapRLS,0.08,0,40,1.33804319302241,0,0.5,0.2813295975547631
107,ace_ECFP_4.data,mutKNN,6,LLE,True,True,LapRLS,0.1,0,65,1.3492851694424948,0,0.5,0.2803391626921038
108,ace_ECFP_4.data,symKNN,6,RBF,True,True,LapRLS,0.02,0,76,1.3631929238637288,0,0.5,0.3184275184275184
109,ace_ECFP_4.data,symKNN,6,RBF,True,True,LapRLS,0.05,0,127,1.3741445263226828,0,0.5,0.3230963883137796
110,ace_ECFP_4.data,symKNN,6,RBF,True,True,LapRLS,0.08,0,40,1.385028866926829,0,0.5,0.2813295975547631
111,ace_ECFP_4.data,symKNN,6,RBF,True,True,LapRLS,0.1,0,65,1.3952712456385294,0,0.5,0.2803391626921038
112,ace_ECFP_4.data,symKNN,6,HM,True,True,LapRLS,0.02,0,76,1.4108546733856202,0,0.5,0.3184275184275184
113,ace_ECFP_4.data,symKNN,6,HM,True,True,LapRLS,0.05,0,127,1.4215662360191346,0,0.5,0.3230963883137796
114,ace_ECFP_4.data,symKNN,6,HM,True,True,LapRLS,0.08,0,40,1.43193173011144,0,0.5,0.2813295975547631
115,ace_ECFP_4.data,symKNN,6,HM,True,True,LapRLS,0.1,0,65,1.44275860786438,0,0.5,0.2803391626921038
116,ace_ECFP_4.data,symKNN,6,LLE,True,True,LapRLS,0.02,0,76,1.455761543909709,0,0.5,0.3184275184275184
117,ace_ECFP_4.data,symKNN,6,LLE,True,True,LapRLS,0.05,0,127,1.4668726404507957,0,0.5,0.3230963883137796
118,ace_ECFP_4.data,symKNN,6,LLE,True,True,LapRLS,0.08,0,40,1.4790363550186156,0,0.5,0.2813295975547631
119,ace_ECFP_4.data,symKNN,6,LLE,True,True,LapRLS,0.1,0,65,1.4896953105926514,0,0.5,0.2803391626921038
120,ace_ECFP_4.data,symFKNN,6,RBF,True,True,LapRLS,0.02,0,76,1.50267626841863,0,0.5,0.3184275184275184
121,ace_ECFP_4.data,symFKNN,6,RBF,True,True,LapRLS,0.05,0,127,1.514325499534607,0,0.5,0.3230963883137796
122,ace_ECFP_4.data,symFKNN,6,RBF,True,True,LapRLS,0.08,0,40,1.5246680855751038,0,0.5,0.2813295975547631
123,ace_ECFP_4.data,symFKNN,6,RBF,True,True,LapRLS,0.1,0,65,1.535245176156362,0,0.5,0.2803391626921038
124,ace_ECFP_4.data,symFKNN,6,HM,True,True,LapRLS,0.02,0,76,1.5507675528526306,0,0.5,0.3184275184275184
125,ace_ECFP_4.data,symFKNN,6,HM,True,True,LapRLS,0.05,0,127,1.5619882702827457,0,0.5,0.3230963883137796
126,ace_ECFP_4.data,symFKNN,6,HM,True,True,LapRLS,0.08,0,40,1.572958775361379,0,0.5,0.2813295975547631
127,ace_ECFP_4.data,symFKNN,6,HM,True,True,LapRLS,0.1,0,65,1.5840859850247702,0,0.5,0.2803391626921038
128,ace_ECFP_4.data,symFKNN,6,LLE,True,True,LapRLS,0.02,0,76,1.5959065318107606,0,0.5,0.3184275184275184
129,ace_ECFP_4.data,symFKNN,6,LLE,True,True,LapRLS,0.05,0,127,1.6066291292508443,0,0.5,0.3230963883137796
130,ace_ECFP_4.data,symFKNN,6,LLE,True,True,LapRLS,0.08,0,40,1.6182109316190083,0,0.5,0.2813295975547631
131,ace_ECFP_4.data,symFKNN,6,LLE,True,True,LapRLS,0.1,0,65,1.6280174891153971,0,0.5,0.2803391626921038
132,ace_ECFP_4.data,MST,6,RBF,True,True,LapRLS,0.02,0,76,1.6421258886655172,0,0.5,0.3184275184275184
133,ace_ECFP_4.data,MST,6,RBF,True,True,LapRLS,0.05,0,127,1.652963149547577,0,0.5,0.3230963883137796
134,ace_ECFP_4.data,MST,6,RBF,True,True,LapRLS,0.08,0,40,1.6635138034820556,0,0.5,0.2813295975547631
135,ace_ECFP_4.data,MST,6,RBF,True,True,LapRLS,0.1,0,65,1.6746248722076416,0,0.5,0.2803391626921038
136,ace_ECFP_4.data,MST,6,HM,True,True,LapRLS,0.02,0,76,1.6896549940109251,0,0.5,0.3184275184275184
137,ace_ECFP_4.data,MST,6,HM,True,True,LapRLS,0.05,0,127,1.7005733013153077,0,0.5,0.3230963883137796
138,ace_ECFP_4.data,MST,6,HM,True,True,LapRLS,0.08,0,40,1.7112815221150717,0,0.5,0.2813295975547631
139,ace_ECFP_4.data,MST,6,HM,True,True,LapRLS,0.1,0,65,1.7223909775416055,0,0.5,0.2803391626921038
140,ace_ECFP_4.data,MST,6,LLE,True,True,LapRLS,0.02,0,76,1.7339821457862854,0,0.5,0.3184275184275184
141,ace_ECFP_4.data,MST,6,LLE,True,True,LapRLS,0.05,0,127,1.7445029656092326,0,0.5,0.3230963883137796
142,ace_ECFP_4.data,MST,6,LLE,True,True,LapRLS,0.08,0,40,1.755440322558085,0,0.5,0.2813295975547631
143,ace_ECFP_4.data,MST,6,LLE,True,True,LapRLS,0.1,0,65,1.7655732830365498,0,0.5,0.2803391626921038
144,ace_ECFP_4.data,mutKNN,8,RBF,True,True,LapRLS,0.02,0,76,1.7793774127960205,0,0.5,0.3184275184275184
145,ace_ECFP_4.data,mutKNN,8,RBF,True,True,LapRLS,0.05,0,127,1.790451673666636,0,0.5,0.3230963883137796
146,ace_ECFP_4.data,mutKNN,8,RBF,True,True,LapRLS,0.08,0,40,1.8007953683535258,0,0.5,0.2813295975547631
147,ace_ECFP_4.data,mutKNN,8,RBF,True,True,LapRLS,0.1,0,65,1.811037333806356,0,0.5,0.2803391626921038
148,ace_ECFP_4.data,mutKNN,8,HM,True,True,LapRLS,0.02,0,76,1.8274468700091044,0,0.5,0.3184275184275184
149,ace_ECFP_4.data,mutKNN,8,HM,True,True,LapRLS,0.05,0,127,1.8381148099899287,0,0.5,0.3230963883137796
150,ace_ECFP_4.data,mutKNN,8,HM,True,True,LapRLS,0.08,0,40,1.8492400447527568,0,0.5,0.2813295975547631
151,ace_ECFP_4.data,mutKNN,8,HM,True,True,LapRLS,0.1,0,65,1.85936176776886,0,0.5,0.2803391626921038
152,ace_ECFP_4.data,mutKNN,8,LLE,True,True,LapRLS,0.02,0,76,1.8715105851491287,0,0.5,0.3184275184275184
153,ace_ECFP_4.data,mutKNN,8,LLE,True,True,LapRLS,0.05,0,127,1.883691398302714,0,0.5,0.3230963883137796
154,ace_ECFP_4.data,mutKNN,8,LLE,True,True,LapRLS,0.08,0,40,1.894858578840892,0,0.5,0.2813295975547631
155,ace_ECFP_4.data,mutKNN,8,LLE,True,True,LapRLS,0.1,0,65,1.9052000641822813,0,0.5,0.2803391626921038
156,ace_ECFP_4.data,symKNN,8,RBF,True,True,LapRLS,0.02,0,76,1.918774425983429,0,0.5,0.3184275184275184
157,ace_ECFP_4.data,symKNN,8,RBF,True,True,LapRLS,0.05,0,127,1.930126670996348,0,0.5,0.3230963883137796
158,ace_ECFP_4.data,symKNN,8,RBF,True,True,LapRLS,0.08,0,40,1.940955630938212,0,0.5,0.2813295975547631
159,ace_ECFP_4.data,symKNN,8,RBF,True,True,LapRLS,0.1,0,65,1.951548532644908,0,0.5,0.2803391626921038
160,ace_ECFP_4.data,symKNN,8,HM,True,True,LapRLS,0.02,0,76,1.967341935634613,0,0.5,0.3184275184275184
161,ace_ECFP_4.data,symKNN,8,HM,True,True,LapRLS,0.05,0,127,1.9780307292938235,0,0.5,0.3230963883137796
162,ace_ECFP_4.data,symKNN,8,HM,True,True,LapRLS,0.08,0,40,1.9905177235603333,0,0.5,0.2813295975547631
163,ace_ECFP_4.data,symKNN,8,HM,True,True,LapRLS,0.1,0,65,2.001247310638428,0,0.5,0.2803391626921038
164,ace_ECFP_4.data,symKNN,8,LLE,True,True,LapRLS,0.02,0,76,2.0134962995847068,0,0.5,0.3184275184275184
165,ace_ECFP_4.data,symKNN,8,LLE,True,True,LapRLS,0.05,0,127,2.0239606499671936,0,0.5,0.3230963883137796
166,ace_ECFP_4.data,symKNN,8,LLE,True,True,LapRLS,0.08,0,40,2.035628151893616,0,0.5,0.2813295975547631
167,ace_ECFP_4.data,symKNN,8,LLE,True,True,LapRLS,0.1,0,65,2.046909733613332,0,0.5,0.2803391626921038
168,ace_ECFP_4.data,symFKNN,8,RBF,True,True,LapRLS,0.02,0,76,2.0607575297355654,0,0.5,0.3184275184275184
169,ace_ECFP_4.data,symFKNN,8,RBF,True,True,LapRLS,0.05,0,127,2.07178388039271,0,0.5,0.3230963883137796
170,ace_ECFP_4.data,symFKNN,8,RBF,True,True,LapRLS,0.08,0,40,2.082128902276357,0,0.5,0.2813295975547631
171,ace_ECFP_4.data,symFKNN,8,RBF,True,True,LapRLS,0.1,0,65,2.093097706635793,0,0.5,0.2803391626921038
172,ace_ECFP_4.data,symFKNN,8,HM,True,True,LapRLS,0.02,0,76,2.1090547959009807,0,0.5,0.3184275184275184
173,ace_ECFP_4.data,symFKNN,8,HM,True,True,LapRLS,0.05,0,127,2.1187868475914,0,0.5,0.3230963883137796
174,ace_ECFP_4.data,symFKNN,8,HM,True,True,LapRLS,0.08,0,40,2.129392655690511,0,0.5,0.2813295975547631
175,ace_ECFP_4.data,symFKNN,8,HM,True,True,LapRLS,0.1,0,65,2.1403478344281512,0,0.5,0.2803391626921038
176,ace_ECFP_4.data,symFKNN,8,LLE,True,True,LapRLS,0.02,0,76,2.153136658668518,0,0.5,0.3184275184275184
177,ace_ECFP_4.data,symFKNN,8,LLE,True,True,LapRLS,0.05,0,127,2.163848050435384,0,0.5,0.3230963883137796
178,ace_ECFP_4.data,symFKNN,8,LLE,True,True,LapRLS,0.08,0,40,2.174817681312561,0,0.5,0.2813295975547631
179,ace_ECFP_4.data,symFKNN,8,LLE,True,True,LapRLS,0.1,0,65,2.1852334062258403,0,0.5,0.2803391626921038
180,ace_ECFP_4.data,MST,8,RBF,True,True,LapRLS,0.02,0,76,2.201163597901662,0,0.5,0.3184275184275184
181,ace_ECFP_4.data,MST,8,RBF,True,True,LapRLS,0.05,0,127,2.2120659430821736,0,0.5,0.3230963883137796
182,ace_ECFP_4.data,MST,8,RBF,True,True,LapRLS,0.08,0,40,2.223905082543691,0,0.5,0.2813295975547631
183,ace_ECFP_4.data,MST,8,RBF,True,True,LapRLS,0.1,0,65,2.2345773935317994,0,0.5,0.2803391626921038
184,ace_ECFP_4.data,MST,8,HM,True,True,LapRLS,0.02,0,76,2.2497146010398863,0,0.5,0.3184275184275184
185,ace_ECFP_4.data,MST,8,HM,True,True,LapRLS,0.05,0,127,2.260635451475779,0,0.5,0.3230963883137796
186,ace_ECFP_4.data,MST,8,HM,True,True,LapRLS,0.08,0,40,2.271897025903066,0,0.5,0.2813295975547631
187,ace_ECFP_4.data,MST,8,HM,True,True,LapRLS,0.1,0,65,2.2831284642219543,0,0.5,0.2803391626921038
188,ace_ECFP_4.data,MST,8,LLE,True,True,LapRLS,0.02,0,76,2.295036009947459,0,0.5,0.3184275184275184
189,ace_ECFP_4.data,MST,8,LLE,True,True,LapRLS,0.05,0,127,2.306857419013977,0,0.5,0.3230963883137796
190,ace_ECFP_4.data,MST,8,LLE,True,True,LapRLS,0.08,0,40,2.31784159342448,0,0.5,0.2813295975547631
191,ace_ECFP_4.data,MST,8,LLE,True,True,LapRLS,0.1,0,65,2.3286829511324565,0,0.5,0.2803391626921038
192,ace_ECFP_4.data,mutKNN,10,RBF,True,True,LapRLS,0.02,0,76,2.3423542102177937,0,0.5,0.3184275184275184
193,ace_ECFP_4.data,mutKNN,10,RBF,True,True,LapRLS,0.05,0,127,2.3541200041770933,0,0.5,0.3230963883137796
194,ace_ECFP_4.data,mutKNN,10,RBF,True,True,LapRLS,0.08,0,40,2.364554174741109,0,0.5,0.2813295975547631
195,ace_ECFP_4.data,mutKNN,10,RBF,True,True,LapRLS,0.1,0,65,2.375489099820455,0,0.5,0.2803391626921038
196,ace_ECFP_4.data,mutKNN,10,HM,True,True,LapRLS,0.02,0,76,2.3916839480400087,0,0.5,0.3184275184275184
197,ace_ECFP_4.data,mutKNN,10,HM,True,True,LapRLS,0.05,0,127,2.4017685492833456,0,0.5,0.3230963883137796
198,ace_ECFP_4.data,mutKNN,10,HM,True,True,LapRLS,0.08,0,40,2.413099785645803,0,0.5,0.2813295975547631
199,ace_ECFP_4.data,mutKNN,10,HM,True,True,LapRLS,0.1,0,65,2.424298890431722,0,0.5,0.2803391626921038
200,ace_ECFP_4.data,mutKNN,10,LLE,True,True,LapRLS,0.02,0,76,2.436106765270233,0,0.5,0.3184275184275184
201,ace_ECFP_4.data,mutKNN,10,LLE,True,True,LapRLS,0.05,0,127,2.44702939192454,0,0.5,0.3230963883137796
202,ace_ECFP_4.data,mutKNN,10,LLE,True,True,LapRLS,0.08,0,40,2.4574679811795552,0,0.5,0.2813295975547631
203,ace_ECFP_4.data,mutKNN,10,LLE,True,True,LapRLS,0.1,0,65,2.467850947380066,0,0.5,0.2803391626921038
204,ace_ECFP_4.data,symKNN,10,RBF,True,True,LapRLS,0.02,0,76,2.4811977545420327,0,0.5,0.3184275184275184
205,ace_ECFP_4.data,symKNN,10,RBF,True,True,LapRLS,0.05,0,127,2.49244110584259,0,0.5,0.3230963883137796
206,ace_ECFP_4.data,symKNN,10,RBF,True,True,LapRLS,0.08,0,40,2.5025836706161497,0,0.5,0.2813295975547631
207,ace_ECFP_4.data,symKNN,10,RBF,True,True,LapRLS,0.1,0,65,2.5133097410202025,0,0.5,0.2803391626921038
208,ace_ECFP_4.data,symKNN,10,HM,True,True,LapRLS,0.02,0,76,2.5282402833302817,0,0.5,0.3184275184275184
209,ace_ECFP_4.data,symKNN,10,HM,True,True,LapRLS,0.05,0,127,2.540013865629832,0,0.5,0.3230963883137796
210,ace_ECFP_4.data,symKNN,10,HM,True,True,LapRLS,0.08,0,40,2.551391994953156,0,0.5,0.2813295975547631
211,ace_ECFP_4.data,symKNN,10,HM,True,True,LapRLS,0.1,0,65,2.562390430768331,0,0.5,0.2803391626921038
212,ace_ECFP_4.data,symKNN,10,LLE,True,True,LapRLS,0.02,0,76,2.57652663787206,0,0.5,0.3184275184275184
213,ace_ECFP_4.data,symKNN,10,LLE,True,True,LapRLS,0.05,0,127,2.5895779927571616,0,0.5,0.3230963883137796
214,ace_ECFP_4.data,symKNN,10,LLE,True,True,LapRLS,0.08,0,40,2.600738302866618,0,0.5,0.2813295975547631
215,ace_ECFP_4.data,symKNN,10,LLE,True,True,LapRLS,0.1,0,65,2.612242949008942,0,0.5,0.2803391626921038
216,ace_ECFP_4.data,symFKNN,10,RBF,True,True,LapRLS,0.02,0,76,2.627489360173543,0,0.5,0.3184275184275184
217,ace_ECFP_4.data,symFKNN,10,RBF,True,True,LapRLS,0.05,0,127,2.638091742992401,0,0.5,0.3230963883137796
218,ace_ECFP_4.data,symFKNN,10,RBF,True,True,LapRLS,0.08,0,40,2.648271115620931,0,0.5,0.2813295975547631
219,ace_ECFP_4.data,symFKNN,10,RBF,True,True,LapRLS,0.1,0,65,2.660212071736653,0,0.5,0.2803391626921038
220,ace_ECFP_4.data,symFKNN,10,HM,True,True,LapRLS,0.02,0,76,2.677721611658732,0,0.5,0.3184275184275184
221,ace_ECFP_4.data,symFKNN,10,HM,True,True,LapRLS,0.05,0,127,2.689732615152995,0,0.5,0.3230963883137796
222,ace_ECFP_4.data,symFKNN,10,HM,True,True,LapRLS,0.08,0,40,2.7009925564130146,0,0.5,0.2813295975547631
223,ace_ECFP_4.data,symFKNN,10,HM,True,True,LapRLS,0.1,0,65,2.7116407990455627,0,0.5,0.2803391626921038
224,ace_ECFP_4.data,symFKNN,10,LLE,True,True,LapRLS,0.02,0,76,2.7249505281448365,0,0.5,0.3184275184275184
225,ace_ECFP_4.data,symFKNN,10,LLE,True,True,LapRLS,0.05,0,127,2.736488048235576,0,0.5,0.3230963883137796
226,ace_ECFP_4.data,symFKNN,10,LLE,True,True,LapRLS,0.08,0,40,2.748002326488495,0,0.5,0.2813295975547631
227,ace_ECFP_4.data,symFKNN,10,LLE,True,True,LapRLS,0.1,0,65,2.759405994415283,0,0.5,0.2803391626921038
228,ace_ECFP_4.data,MST,10,RBF,True,True,LapRLS,0.02,0,76,2.77691593170166,0,0.5,0.3184275184275184
229,ace_ECFP_4.data,MST,10,RBF,True,True,LapRLS,0.05,0,127,2.787350086371104,0,0.5,0.3230963883137796
230,ace_ECFP_4.data,MST,10,RBF,True,True,LapRLS,0.08,0,40,2.798058732350668,0,0.5,0.2813295975547631
231,ace_ECFP_4.data,MST,10,RBF,True,True,LapRLS,0.1,0,65,2.8089960972468058,0,0.5,0.2803391626921038
232,ace_ECFP_4.data,MST,10,HM,True,True,LapRLS,0.02,0,76,2.823610476652781,0,0.5,0.3184275184275184
233,ace_ECFP_4.data,MST,10,HM,True,True,LapRLS,0.05,0,127,2.834392468134562,0,0.5,0.3230963883137796
234,ace_ECFP_4.data,MST,10,HM,True,True,LapRLS,0.08,0,40,2.845255720615387,0,0.5,0.2813295975547631
235,ace_ECFP_4.data,MST,10,HM,True,True,LapRLS,0.1,0,65,2.856485895315806,0,0.5,0.2803391626921038
236,ace_ECFP_4.data,MST,10,LLE,True,True,LapRLS,0.02,0,76,2.869280230998993,0,0.5,0.3184275184275184
237,ace_ECFP_4.data,MST,10,LLE,True,True,LapRLS,0.05,0,127,2.880489830176036,0,0.5,0.3230963883137796
238,ace_ECFP_4.data,MST,10,LLE,True,True,LapRLS,0.08,0,40,2.8901420990626017,0,0.5,0.2813295975547631
239,ace_ECFP_4.data,MST,10,LLE,True,True,LapRLS,0.1,0,65,2.9008021632830303,0,0.5,0.2803391626921038
240,ace_ECFP_4.data,mutKNN,12,RBF,True,True,LapRLS,0.02,0,76,2.913887703418732,0,0.5,0.3184275184275184
241,ace_ECFP_4.data,mutKNN,12,RBF,True,True,LapRLS,0.05,0,127,2.924611985683441,0,0.5,0.3230963883137796
242,ace_ECFP_4.data,mutKNN,12,RBF,True,True,LapRLS,0.08,0,40,2.936020398139953,0,0.5,0.2813295975547631
243,ace_ECFP_4.data,mutKNN,12,RBF,True,True,LapRLS,0.1,0,65,2.9467629194259644,0,0.5,0.2803391626921038
244,ace_ECFP_4.data,mutKNN,12,HM,True,True,LapRLS,0.02,0,76,2.96320055325826,0,0.5,0.3184275184275184
245,ace_ECFP_4.data,mutKNN,12,HM,True,True,LapRLS,0.05,0,127,2.974528924624125,0,0.5,0.3230963883137796
246,ace_ECFP_4.data,mutKNN,12,HM,True,True,LapRLS,0.08,0,40,2.9859920541445413,0,0.5,0.2813295975547631
247,ace_ECFP_4.data,mutKNN,12,HM,True,True,LapRLS,0.1,0,65,2.996596896648407,0,0.5,0.2803391626921038
248,ace_ECFP_4.data,mutKNN,12,LLE,True,True,LapRLS,0.02,0,76,3.009388331572215,0,0.5,0.3184275184275184
249,ace_ECFP_4.data,mutKNN,12,LLE,True,True,LapRLS,0.05,0,127,3.0199608246485394,0,0.5,0.3230963883137796
250,ace_ECFP_4.data,mutKNN,12,LLE,True,True,LapRLS,0.08,0,40,3.031049394607544,0,0.5,0.2813295975547631
251,ace_ECFP_4.data,mutKNN,12,LLE,True,True,LapRLS,0.1,0,65,3.041883353392284,0,0.5,0.2803391626921038
252,ace_ECFP_4.data,symKNN,12,RBF,True,True,LapRLS,0.02,0,76,3.055591909090678,0,0.5,0.3184275184275184
253,ace_ECFP_4.data,symKNN,12,RBF,True,True,LapRLS,0.05,0,127,3.065243438879649,0,0.5,0.3230963883137796
254,ace_ECFP_4.data,symKNN,12,RBF,True,True,LapRLS,0.08,0,40,3.075781762599945,0,0.5,0.2813295975547631
255,ace_ECFP_4.data,symKNN,12,RBF,True,True,LapRLS,0.1,0,65,3.085850179195404,0,0.5,0.2803391626921038
256,ace_ECFP_4.data,symKNN,12,HM,True,True,LapRLS,0.02,0,76,3.1012606898943584,0,0.5,0.3184275184275184
257,ace_ECFP_4.data,symKNN,12,HM,True,True,LapRLS,0.05,0,127,3.112847403685252,0,0.5,0.3230963883137796
258,ace_ECFP_4.data,symKNN,12,HM,True,True,LapRLS,0.08,0,40,3.1235489726066588,0,0.5,0.2813295975547631
259,ace_ECFP_4.data,symKNN,12,HM,True,True,LapRLS,0.1,0,65,3.134120015303294,0,0.5,0.2803391626921038
260,ace_ECFP_4.data,symKNN,12,LLE,True,True,LapRLS,0.02,0,76,3.148505155245464,0,0.5,0.3184275184275184
261,ace_ECFP_4.data,symKNN,12,LLE,True,True,LapRLS,0.05,0,127,3.1590664943059283,0,0.5,0.3230963883137796
262,ace_ECFP_4.data,symKNN,12,LLE,True,True,LapRLS,0.08,0,40,3.169635208447774,0,0.5,0.2813295975547631
263,ace_ECFP_4.data,symKNN,12,LLE,True,True,LapRLS,0.1,0,65,3.181507893403371,0,0.5,0.2803391626921038
264,ace_ECFP_4.data,symFKNN,12,RBF,True,True,LapRLS,0.02,0,76,3.1960380911827087,0,0.5,0.3184275184275184
265,ace_ECFP_4.data,symFKNN,12,RBF,True,True,LapRLS,0.05,0,127,3.2069541732470195,0,0.5,0.3230963883137796
266,ace_ECFP_4.data,symFKNN,12,RBF,True,True,LapRLS,0.08,0,40,3.21818337837855,0,0.5,0.2813295975547631
267,ace_ECFP_4.data,symFKNN,12,RBF,True,True,LapRLS,0.1,0,65,3.230353057384491,0,0.5,0.2803391626921038
268,ace_ECFP_4.data,symFKNN,12,HM,True,True,LapRLS,0.02,0,76,3.246091636021932,0,0.5,0.3184275184275184
269,ace_ECFP_4.data,symFKNN,12,HM,True,True,LapRLS,0.05,0,127,3.2562838554382325,0,0.5,0.3230963883137796
270,ace_ECFP_4.data,symFKNN,12,HM,True,True,LapRLS,0.08,0,40,3.2671305855115254,0,0.5,0.2813295975547631
271,ace_ECFP_4.data,symFKNN,12,HM,True,True,LapRLS,0.1,0,65,3.277699573834737,0,0.5,0.2803391626921038
272,ace_ECFP_4.data,symFKNN,12,LLE,True,True,LapRLS,0.02,0,76,3.293065122763316,0,0.5,0.3184275184275184
273,ace_ECFP_4.data,symFKNN,12,LLE,True,True,LapRLS,0.05,0,127,3.303182892004649,0,0.5,0.3230963883137796
274,ace_ECFP_4.data,symFKNN,12,LLE,True,True,LapRLS,0.08,0,40,3.313517173131307,0,0.5,0.2813295975547631
275,ace_ECFP_4.data,symFKNN,12,LLE,True,True,LapRLS,0.1,0,65,3.3244245568911235,0,0.5,0.2803391626921038
276,ace_ECFP_4.data,MST,12,RBF,True,True,LapRLS,0.02,0,76,3.339027337233225,0,0.5,0.3184275184275184
277,ace_ECFP_4.data,MST,12,RBF,True,True,LapRLS,0.05,0,127,3.3496151606241864,0,0.5,0.3230963883137796
278,ace_ECFP_4.data,MST,12,RBF,True,True,LapRLS,0.08,0,40,3.3609464168548584,0,0.5,0.2813295975547631
279,ace_ECFP_4.data,MST,12,RBF,True,True,LapRLS,0.1,0,65,3.3724587281545,0,0.5,0.2803391626921038
280,ace_ECFP_4.data,MST,12,HM,True,True,LapRLS,0.02,0,76,3.3883790810902914,0,0.5,0.3184275184275184
281,ace_ECFP_4.data,MST,12,HM,True,True,LapRLS,0.05,0,127,3.400105349222819,0,0.5,0.3230963883137796
282,ace_ECFP_4.data,MST,12,HM,True,True,LapRLS,0.08,0,40,3.410801374912262,0,0.5,0.2813295975547631
283,ace_ECFP_4.data,MST,12,HM,True,True,LapRLS,0.1,0,65,3.4209734837214154,0,0.5,0.2803391626921038
284,ace_ECFP_4.data,MST,12,LLE,True,True,LapRLS,0.02,0,76,3.433228147029877,0,0.5,0.3184275184275184
285,ace_ECFP_4.data,MST,12,LLE,True,True,LapRLS,0.05,0,127,3.4445136467615765,0,0.5,0.3230963883137796
286,ace_ECFP_4.data,MST,12,LLE,True,True,LapRLS,0.08,0,40,3.455898861090342,0,0.5,0.2813295975547631
287,ace_ECFP_4.data,MST,12,LLE,True,True,LapRLS,0.1,0,65,3.4671624342600507,0,0.5,0.2803391626921038
288,ace_ECFP_4.data,mutKNN,14,RBF,True,True,LapRLS,0.02,0,76,3.4807483116785685,0,0.5,0.3184275184275184
289,ace_ECFP_4.data,mutKNN,14,RBF,True,True,LapRLS,0.05,0,127,3.491239086786906,0,0.5,0.3230963883137796
290,ace_ECFP_4.data,mutKNN,14,RBF,True,True,LapRLS,0.08,0,40,3.501878217856089,0,0.5,0.2813295975547631
291,ace_ECFP_4.data,mutKNN,14,RBF,True,True,LapRLS,0.1,0,65,3.512845973173777,0,0.5,0.2803391626921038
292,ace_ECFP_4.data,mutKNN,14,HM,True,True,LapRLS,0.02,0,76,3.530617221196493,0,0.5,0.3184275184275184
293,ace_ECFP_4.data,mutKNN,14,HM,True,True,LapRLS,0.05,0,127,3.544106988112132,0,0.5,0.3230963883137796
294,ace_ECFP_4.data,mutKNN,14,HM,True,True,LapRLS,0.08,0,40,3.5595254858334857,0,0.5,0.2813295975547631
295,ace_ECFP_4.data,mutKNN,14,HM,True,True,LapRLS,0.1,0,65,3.575515119234721,0,0.5,0.2803391626921038
296,ace_ECFP_4.data,mutKNN,14,LLE,True,True,LapRLS,0.02,0,76,3.5887698252995808,0,0.5,0.3184275184275184
297,ace_ECFP_4.data,mutKNN,14,LLE,True,True,LapRLS,0.05,0,127,3.5997389515240985,0,0.5,0.3230963883137796
298,ace_ECFP_4.data,mutKNN,14,LLE,True,True,LapRLS,0.08,0,40,3.611698806285858,0,0.5,0.2813295975547631
299,ace_ECFP_4.data,mutKNN,14,LLE,True,True,LapRLS,0.1,0,65,3.62294659614563,0,0.5,0.2803391626921038
300,ace_ECFP_4.data,symKNN,14,RBF,True,True,LapRLS,0.02,0,76,3.637301528453827,0,0.5,0.3184275184275184
301,ace_ECFP_4.data,symKNN,14,RBF,True,True,LapRLS,0.05,0,127,3.6486537933349608,0,0.5,0.3230963883137796
302,ace_ECFP_4.data,symKNN,14,RBF,True,True,LapRLS,0.08,0,40,3.660025624434154,0,0.5,0.2813295975547631
303,ace_ECFP_4.data,symKNN,14,RBF,True,True,LapRLS,0.1,0,65,3.670206983884176,0,0.5,0.2803391626921038
304,ace_ECFP_4.data,symKNN,14,HM,True,True,LapRLS,0.02,0,76,3.68557200829188,0,0.5,0.3184275184275184
305,ace_ECFP_4.data,symKNN,14,HM,True,True,LapRLS,0.05,0,127,3.696488897005717,0,0.5,0.3230963883137796
306,ace_ECFP_4.data,symKNN,14,HM,True,True,LapRLS,0.08,0,40,3.708549582958221,0,0.5,0.2813295975547631
307,ace_ECFP_4.data,symKNN,14,HM,True,True,LapRLS,0.1,0,65,3.7194510261217753,0,0.5,0.2803391626921038
308,ace_ECFP_4.data,symKNN,14,LLE,True,True,LapRLS,0.02,0,76,3.73501447836558,0,0.5,0.3184275184275184
309,ace_ECFP_4.data,symKNN,14,LLE,True,True,LapRLS,0.05,0,127,3.745630713303884,0,0.5,0.3230963883137796
310,ace_ECFP_4.data,symKNN,14,LLE,True,True,LapRLS,0.08,0,40,3.756594876448313,0,0.5,0.2813295975547631
311,ace_ECFP_4.data,symKNN,14,LLE,True,True,LapRLS,0.1,0,65,3.76725857257843,0,0.5,0.2803391626921038
312,ace_ECFP_4.data,symFKNN,14,RBF,True,True,LapRLS,0.02,0,76,3.7805850823720295,0,0.5,0.3184275184275184
313,ace_ECFP_4.data,symFKNN,14,RBF,True,True,LapRLS,0.05,0,127,3.791292893886566,0,0.5,0.3230963883137796
314,ace_ECFP_4.data,symFKNN,14,RBF,True,True,LapRLS,0.08,0,40,3.802533805370331,0,0.5,0.2813295975547631
315,ace_ECFP_4.data,symFKNN,14,RBF,True,True,LapRLS,0.1,0,65,3.8132038831710817,0,0.5,0.2803391626921038
316,ace_ECFP_4.data,symFKNN,14,HM,True,True,LapRLS,0.02,0,76,3.828080284595489,0,0.5,0.3184275184275184
317,ace_ECFP_4.data,symFKNN,14,HM,True,True,LapRLS,0.05,0,127,3.838145685195923,0,0.5,0.3230963883137796
318,ace_ECFP_4.data,symFKNN,14,HM,True,True,LapRLS,0.08,0,40,3.84999893506368,0,0.5,0.2813295975547631
319,ace_ECFP_4.data,symFKNN,14,HM,True,True,LapRLS,0.1,0,65,3.859668529033661,0,0.5,0.2803391626921038
320,ace_ECFP_4.data,symFKNN,14,LLE,True,True,LapRLS,0.02,0,76,3.87451331615448,0,0.5,0.3184275184275184
321,ace_ECFP_4.data,symFKNN,14,LLE,True,True,LapRLS,0.05,0,127,3.884249766667684,0,0.5,0.3230963883137796
322,ace_ECFP_4.data,symFKNN,14,LLE,True,True,LapRLS,0.08,0,40,3.894626327355703,0,0.5,0.2813295975547631
323,ace_ECFP_4.data,symFKNN,14,LLE,True,True,LapRLS,0.1,0,65,3.905338223775228,0,0.5,0.2803391626921038
324,ace_ECFP_4.data,MST,14,RBF,True,True,LapRLS,0.02,0,76,3.919692544142405,0,0.5,0.3184275184275184
325,ace_ECFP_4.data,MST,14,RBF,True,True,LapRLS,0.05,0,127,3.929880428314209,0,0.5,0.3230963883137796
326,ace_ECFP_4.data,MST,14,RBF,True,True,LapRLS,0.08,0,40,3.9411133488019305,0,0.5,0.2813295975547631
327,ace_ECFP_4.data,MST,14,RBF,True,True,LapRLS,0.1,0,65,3.95204717318217,0,0.5,0.2803391626921038
328,ace_ECFP_4.data,MST,14,HM,True,True,LapRLS,0.02,0,76,3.968497737248738,0,0.5,0.3184275184275184
329,ace_ECFP_4.data,MST,14,HM,True,True,LapRLS,0.05,0,127,3.978983159859975,0,0.5,0.3230963883137796
330,ace_ECFP_4.data,MST,14,HM,True,True,LapRLS,0.08,0,40,3.99127832253774,0,0.5,0.2813295975547631
331,ace_ECFP_4.data,MST,14,HM,True,True,LapRLS,0.1,0,65,4.0011309067408245,0,0.5,0.2803391626921038
332,ace_ECFP_4.data,MST,14,LLE,True,True,LapRLS,0.02,0,76,4.013296631971995,0,0.5,0.3184275184275184
333,ace_ECFP_4.data,MST,14,LLE,True,True,LapRLS,0.05,0,127,4.0238918701807656,0,0.5,0.3230963883137796
334,ace_ECFP_4.data,MST,14,LLE,True,True,LapRLS,0.08,0,40,4.03791485230128,0,0.5,0.2813295975547631
335,ace_ECFP_4.data,MST,14,LLE,True,True,LapRLS,0.1,0,65,4.0483692526817325,0,0.5,0.2803391626921038
336,ace_ECFP_4.data,mutKNN,16,RBF,True,True,LapRLS,0.02,0,76,4.062547226746877,0,0.5,0.3184275184275184
337,ace_ECFP_4.data,mutKNN,16,RBF,True,True,LapRLS,0.05,0,127,4.072890655199687,0,0.5,0.3230963883137796
338,ace_ECFP_4.data,mutKNN,16,RBF,True,True,LapRLS,0.08,0,40,4.084393799304962,0,0.5,0.2813295975547631
339,ace_ECFP_4.data,mutKNN,16,RBF,True,True,LapRLS,0.1,0,65,4.095248313744863,0,0.5,0.2803391626921038
340,ace_ECFP_4.data,mutKNN,16,HM,True,True,LapRLS,0.02,0,76,4.118036619822184,0,0.5,0.3184275184275184
341,ace_ECFP_4.data,mutKNN,16,HM,True,True,LapRLS,0.05,0,127,4.130938216050466,0,0.5,0.3230963883137796
342,ace_ECFP_4.data,mutKNN,16,HM,True,True,LapRLS,0.08,0,40,4.145181727409363,0,0.5,0.2813295975547631
343,ace_ECFP_4.data,mutKNN,16,HM,True,True,LapRLS,0.1,0,65,4.158220378557841,0,0.5,0.2803391626921038
344,ace_ECFP_4.data,mutKNN,16,LLE,True,True,LapRLS,0.02,0,76,4.171824292341868,0,0.5,0.3184275184275184
345,ace_ECFP_4.data,mutKNN,16,LLE,True,True,LapRLS,0.05,0,127,4.183008686701457,0,0.5,0.3230963883137796
346,ace_ECFP_4.data,mutKNN,16,LLE,True,True,LapRLS,0.08,0,40,4.193473732471466,0,0.5,0.2813295975547631
347,ace_ECFP_4.data,mutKNN,16,LLE,True,True,LapRLS,0.1,0,65,4.204531149069468,0,0.5,0.2803391626921038
348,ace_ECFP_4.data,symKNN,16,RBF,True,True,LapRLS,0.02,0,76,4.21836625734965,0,0.5,0.3184275184275184
349,ace_ECFP_4.data,symKNN,16,RBF,True,True,LapRLS,0.05,0,127,4.228188796838125,0,0.5,0.3230963883137796
350,ace_ECFP_4.data,symKNN,16,RBF,True,True,LapRLS,0.08,0,40,4.2394180258115135,0,0.5,0.2813295975547631
351,ace_ECFP_4.data,symKNN,16,RBF,True,True,LapRLS,0.1,0,65,4.249746064345042,0,0.5,0.2803391626921038
352,ace_ECFP_4.data,symKNN,16,HM,True,True,LapRLS,0.02,0,76,4.266289110978445,0,0.5,0.3184275184275184
353,ace_ECFP_4.data,symKNN,16,HM,True,True,LapRLS,0.05,0,127,4.276998269557953,0,0.5,0.3230963883137796
354,ace_ECFP_4.data,symKNN,16,HM,True,True,LapRLS,0.08,0,40,4.287710432211558,0,0.5,0.2813295975547631
355,ace_ECFP_4.data,symKNN,16,HM,True,True,LapRLS,0.1,0,65,4.298398451010386,0,0.5,0.2803391626921038
356,ace_ECFP_4.data,symKNN,16,LLE,True,True,LapRLS,0.02,0,76,4.314578251043955,0,0.5,0.3184275184275184
357,ace_ECFP_4.data,symKNN,16,LLE,True,True,LapRLS,0.05,0,127,4.325679870446523,0,0.5,0.3230963883137796
358,ace_ECFP_4.data,symKNN,16,LLE,True,True,LapRLS,0.08,0,40,4.335840098063151,0,0.5,0.2813295975547631
359,ace_ECFP_4.data,symKNN,16,LLE,True,True,LapRLS,0.1,0,65,4.345904612541199,0,0.5,0.2803391626921038
360,ace_ECFP_4.data,symFKNN,16,RBF,True,True,LapRLS,0.02,0,76,4.36050496896108,0,0.5,0.3184275184275184
361,ace_ECFP_4.data,symFKNN,16,RBF,True,True,LapRLS,0.05,0,127,4.370571990807851,0,0.5,0.3230963883137796
362,ace_ECFP_4.data,symFKNN,16,RBF,True,True,LapRLS,0.08,0,40,4.382459568977356,0,0.5,0.2813295975547631
363,ace_ECFP_4.data,symFKNN,16,RBF,True,True,LapRLS,0.1,0,65,4.393004806836446,0,0.5,0.2803391626921038
364,ace_ECFP_4.data,symFKNN,16,HM,True,True,LapRLS,0.02,0,76,4.408519152800242,0,0.5,0.3184275184275184
365,ace_ECFP_4.data,symFKNN,16,HM,True,True,LapRLS,0.05,0,127,4.419748266537984,0,0.5,0.3230963883137796
366,ace_ECFP_4.data,symFKNN,16,HM,True,True,LapRLS,0.08,0,40,4.430990091959635,0,0.5,0.2813295975547631
367,ace_ECFP_4.data,symFKNN,16,HM,True,True,LapRLS,0.1,0,65,4.441342282295227,0,0.5,0.2803391626921038
368,ace_ECFP_4.data,symFKNN,16,LLE,True,True,LapRLS,0.02,0,76,4.457310688495636,0,0.5,0.3184275184275184
369,ace_ECFP_4.data,symFKNN,16,LLE,True,True,LapRLS,0.05,0,127,4.468018567562103,0,0.5,0.3230963883137796
370,ace_ECFP_4.data,symFKNN,16,LLE,True,True,LapRLS,0.08,0,40,4.478556354840596,0,0.5,0.2813295975547631
371,ace_ECFP_4.data,symFKNN,16,LLE,True,True,LapRLS,0.1,0,65,4.489664312203725,0,0.5,0.2803391626921038
372,ace_ECFP_4.data,MST,16,RBF,True,True,LapRLS,0.02,0,76,4.505320739746094,0,0.5,0.3184275184275184
373,ace_ECFP_4.data,MST,16,RBF,True,True,LapRLS,0.05,0,127,4.516580208142599,0,0.5,0.3230963883137796
374,ace_ECFP_4.data,MST,16,RBF,True,True,LapRLS,0.08,0,40,4.527954145272573,0,0.5,0.2813295975547631
375,ace_ECFP_4.data,MST,16,RBF,True,True,LapRLS,0.1,0,65,4.540308578809102,0,0.5,0.2803391626921038
376,ace_ECFP_4.data,MST,16,HM,True,True,LapRLS,0.02,0,76,4.558557033538818,0,0.5,0.3184275184275184
377,ace_ECFP_4.data,MST,16,HM,True,True,LapRLS,0.05,0,127,4.5695412158966064,0,0.5,0.3230963883137796
378,ace_ECFP_4.data,MST,16,HM,True,True,LapRLS,0.08,0,40,4.579665700594584,0,0.5,0.2813295975547631
379,ace_ECFP_4.data,MST,16,HM,True,True,LapRLS,0.1,0,65,4.590927966435751,0,0.5,0.2803391626921038
380,ace_ECFP_4.data,MST,16,LLE,True,True,LapRLS,0.02,0,76,4.60232492685318,0,0.5,0.3184275184275184
381,ace_ECFP_4.data,MST,16,LLE,True,True,LapRLS,0.05,0,127,4.612940482298533,0,0.5,0.3230963883137796
382,ace_ECFP_4.data,MST,16,LLE,True,True,LapRLS,0.08,0,40,4.6240805864334105,0,0.5,0.2813295975547631
383,ace_ECFP_4.data,MST,16,LLE,True,True,LapRLS,0.1,0,65,4.634635949134827,0,0.5,0.2803391626921038
384,ace_ECFP_6.data,mutKNN,2,RBF,True,True,LapRLS,0.02,0,76,0.0157657345136006,0,0.5,0.3184275184275184
385,ace_ECFP_6.data,mutKNN,2,RBF,True,True,LapRLS,0.05,0,127,0.027541979153951,0,0.5,0.3230963883137796
386,ace_ECFP_6.data,mutKNN,2,RBF,True,True,LapRLS,0.08,0,40,0.0384977062543233,0,0.5,0.2813295975547631
387,ace_ECFP_6.data,mutKNN,2,RBF,True,True,LapRLS,0.1,0,65,0.0491401751836141,0,0.5,0.2803391626921038
388,ace_ECFP_6.data,mutKNN,2,HM,True,True,LapRLS,0.02,0,76,0.064601198832194,0,0.5,0.3184275184275184
389,ace_ECFP_6.data,mutKNN,2,HM,True,True,LapRLS,0.05,0,127,0.0766151746114095,0,0.5,0.3230963883137796
390,ace_ECFP_6.data,mutKNN,2,HM,True,True,LapRLS,0.08,0,40,0.0874495347340901,0,0.5,0.2813295975547631
391,ace_ECFP_6.data,mutKNN,2,HM,True,True,LapRLS,0.1,0,65,0.0982806126276652,0,0.5,0.2803391626921038
392,ace_ECFP_6.data,mutKNN,2,LLE,True,True,LapRLS,0.02,0,76,0.109489889939626,0,0.5,0.3184275184275184
393,ace_ECFP_6.data,mutKNN,2,LLE,True,True,LapRLS,0.05,0,127,0.1202232638994852,0,0.5,0.3230963883137796
394,ace_ECFP_6.data,mutKNN,2,LLE,True,True,LapRLS,0.08,0,40,0.1313968618710835,0,0.5,0.2813295975547631
395,ace_ECFP_6.data,mutKNN,2,LLE,True,True,LapRLS,0.1,0,65,0.14158296585083,0,0.5,0.2803391626921038
396,ace_ECFP_6.data,symKNN,2,RBF,True,True,LapRLS,0.02,0,76,0.1553328553835551,0,0.5,0.3184275184275184
397,ace_ECFP_6.data,symKNN,2,RBF,True,True,LapRLS,0.05,0,127,0.1678883632024129,0,0.5,0.3230963883137796
398,ace_ECFP_6.data,symKNN,2,RBF,True,True,LapRLS,0.08,0,40,0.1791628837585449,0,0.5,0.2813295975547631
399,ace_ECFP_6.data,symKNN,2,RBF,True,True,LapRLS,0.1,0,65,0.1894067366917928,0,0.5,0.2803391626921038
400,ace_ECFP_6.data,symKNN,2,HM,True,True,LapRLS,0.02,0,76,0.205236279964447,0,0.5,0.3184275184275184
401,ace_ECFP_6.data,symKNN,2,HM,True,True,LapRLS,0.05,0,127,0.2169862548510233,0,0.5,0.3230963883137796
402,ace_ECFP_6.data,symKNN,2,HM,True,True,LapRLS,0.08,0,40,0.2289966066678365,0,0.5,0.2813295975547631
403,ace_ECFP_6.data,symKNN,2,HM,True,True,LapRLS,0.1,0,65,0.2401780128479003,0,0.5,0.2803391626921038
404,ace_ECFP_6.data,symKNN,2,LLE,True,True,LapRLS,0.02,0,76,0.2514381448427836,0,0.5,0.3184275184275184
405,ace_ECFP_6.data,symKNN,2,LLE,True,True,LapRLS,0.05,0,127,0.2621489961942037,0,0.5,0.3230963883137796
406,ace_ECFP_6.data,symKNN,2,LLE,True,True,LapRLS,0.08,0,40,0.2730017304420471,0,0.5,0.2813295975547631
407,ace_ECFP_6.data,symKNN,2,LLE,True,True,LapRLS,0.1,0,65,0.2840704758961995,0,0.5,0.2803391626921038
408,ace_ECFP_6.data,symFKNN,2,RBF,True,True,LapRLS,0.02,0,76,0.2976282676060994,0,0.5,0.3184275184275184
409,ace_ECFP_6.data,symFKNN,2,RBF,True,True,LapRLS,0.05,0,127,0.3087919473648071,0,0.5,0.3230963883137796
410,ace_ECFP_6.data,symFKNN,2,RBF,True,True,LapRLS,0.08,0,40,0.3198123892148335,0,0.5,0.2813295975547631
411,ace_ECFP_6.data,symFKNN,2,RBF,True,True,LapRLS,0.1,0,65,0.3305216709772746,0,0.5,0.2803391626921038
412,ace_ECFP_6.data,symFKNN,2,HM,True,True,LapRLS,0.02,0,76,0.3452258467674255,0,0.5,0.3184275184275184
413,ace_ECFP_6.data,symFKNN,2,HM,True,True,LapRLS,0.05,0,127,0.3563595414161682,0,0.5,0.3230963883137796
414,ace_ECFP_6.data,symFKNN,2,HM,True,True,LapRLS,0.08,0,40,0.3675948659578959,0,0.5,0.2813295975547631
415,ace_ECFP_6.data,symFKNN,2,HM,True,True,LapRLS,0.1,0,65,0.3790583888689677,0,0.5,0.2803391626921038
416,ace_ECFP_6.data,symFKNN,2,LLE,True,True,LapRLS,0.02,0,76,0.3905459642410278,0,0.5,0.3184275184275184
417,ace_ECFP_6.data,symFKNN,2,LLE,True,True,LapRLS,0.05,0,127,0.401526939868927,0,0.5,0.3230963883137796
418,ace_ECFP_6.data,symFKNN,2,LLE,True,True,LapRLS,0.08,0,40,0.4139615019162496,0,0.5,0.2813295975547631
419,ace_ECFP_6.data,symFKNN,2,LLE,True,True,LapRLS,0.1,0,65,0.4244794964790344,0,0.5,0.2803391626921038
420,ace_ECFP_6.data,MST,2,RBF,True,True,LapRLS,0.02,0,76,0.4385724623998006,0,0.5,0.3184275184275184
421,ace_ECFP_6.data,MST,2,RBF,True,True,LapRLS,0.05,0,127,0.449841837088267,0,0.5,0.3230963883137796
422,ace_ECFP_6.data,MST,2,RBF,True,True,LapRLS,0.08,0,40,0.4607493956883748,0,0.5,0.2813295975547631
423,ace_ECFP_6.data,MST,2,RBF,True,True,LapRLS,0.1,0,65,0.4717261672019958,0,0.5,0.2803391626921038
424,ace_ECFP_6.data,MST,2,HM,True,True,LapRLS,0.02,0,76,0.4876568913459778,0,0.5,0.3184275184275184
425,ace_ECFP_6.data,MST,2,HM,True,True,LapRLS,0.05,0,127,0.4985103368759155,0,0.5,0.3230963883137796
426,ace_ECFP_6.data,MST,2,HM,True,True,LapRLS,0.08,0,40,0.5090279340744018,0,0.5,0.2813295975547631
427,ace_ECFP_6.data,MST,2,HM,True,True,LapRLS,0.1,0,65,0.5198845863342285,0,0.5,0.2803391626921038
428,ace_ECFP_6.data,MST,2,LLE,True,True,LapRLS,0.02,0,76,0.5309712370236714,0,0.5,0.3184275184275184
429,ace_ECFP_6.data,MST,2,LLE,True,True,LapRLS,0.05,0,127,0.5421928405761719,0,0.5,0.3230963883137796
430,ace_ECFP_6.data,MST,2,LLE,True,True,LapRLS,0.08,0,40,0.5534645875295003,0,0.5,0.2813295975547631
431,ace_ECFP_6.data,MST,2,LLE,True,True,LapRLS,0.1,0,65,0.5643479307492574,0,0.5,0.2803391626921038
432,ace_ECFP_6.data,mutKNN,4,RBF,True,True,LapRLS,0.02,0,76,0.5777073780695597,0,0.5,0.3184275184275184
433,ace_ECFP_6.data,mutKNN,4,RBF,True,True,LapRLS,0.05,0,127,0.589257816473643,0,0.5,0.3230963883137796
434,ace_ECFP_6.data,mutKNN,4,RBF,True,True,LapRLS,0.08,0,40,0.5996349374453227,0,0.5,0.2813295975547631
435,ace_ECFP_6.data,mutKNN,4,RBF,True,True,LapRLS,0.1,0,65,0.6103087107340495,0,0.5,0.2803391626921038
436,ace_ECFP_6.data,mutKNN,4,HM,True,True,LapRLS,0.02,0,76,0.6262401262919108,0,0.5,0.3184275184275184
437,ace_ECFP_6.data,mutKNN,4,HM,True,True,LapRLS,0.05,0,127,0.6365404844284057,0,0.5,0.3230963883137796
438,ace_ECFP_6.data,mutKNN,4,HM,True,True,LapRLS,0.08,0,40,0.6468463182449341,0,0.5,0.2813295975547631
439,ace_ECFP_6.data,mutKNN,4,HM,True,True,LapRLS,0.1,0,65,0.6583922545115153,0,0.5,0.2803391626921038
440,ace_ECFP_6.data,mutKNN,4,LLE,True,True,LapRLS,0.02,0,76,0.6705977002779643,0,0.5,0.3184275184275184
441,ace_ECFP_6.data,mutKNN,4,LLE,True,True,LapRLS,0.05,0,127,0.6813015460968017,0,0.5,0.3230963883137796
442,ace_ECFP_6.data,mutKNN,4,LLE,True,True,LapRLS,0.08,0,40,0.6920810500780742,0,0.5,0.2813295975547631
443,ace_ECFP_6.data,mutKNN,4,LLE,True,True,LapRLS,0.1,0,65,0.7021791537602743,0,0.5,0.2803391626921038
444,ace_ECFP_6.data,symKNN,4,RBF,True,True,LapRLS,0.02,0,76,0.7157393137613932,0,0.5,0.3184275184275184
445,ace_ECFP_6.data,symKNN,4,RBF,True,True,LapRLS,0.05,0,127,0.7272675355275472,0,0.5,0.3230963883137796
446,ace_ECFP_6.data,symKNN,4,RBF,True,True,LapRLS,0.08,0,40,0.7379091103871663,0,0.5,0.2813295975547631
447,ace_ECFP_6.data,symKNN,4,RBF,True,True,LapRLS,0.1,0,65,0.749657126267751,0,0.5,0.2803391626921038
448,ace_ECFP_6.data,symKNN,4,HM,True,True,LapRLS,0.02,0,76,0.766094179948171,0,0.5,0.3184275184275184
449,ace_ECFP_6.data,symKNN,4,HM,True,True,LapRLS,0.05,0,127,0.7765272537867228,0,0.5,0.3230963883137796
450,ace_ECFP_6.data,symKNN,4,HM,True,True,LapRLS,0.08,0,40,0.7874791502952576,0,0.5,0.2813295975547631
451,ace_ECFP_6.data,symKNN,4,HM,True,True,LapRLS,0.1,0,65,0.7982935746510823,0,0.5,0.2803391626921038
452,ace_ECFP_6.data,symKNN,4,LLE,True,True,LapRLS,0.02,0,76,0.8100296139717102,0,0.5,0.3184275184275184
453,ace_ECFP_6.data,symKNN,4,LLE,True,True,LapRLS,0.05,0,127,0.8206142981847128,0,0.5,0.3230963883137796
454,ace_ECFP_6.data,symKNN,4,LLE,True,True,LapRLS,0.08,0,40,0.8314681887626648,0,0.5,0.2813295975547631
455,ace_ECFP_6.data,symKNN,4,LLE,True,True,LapRLS,0.1,0,65,0.8420697768529256,0,0.5,0.2803391626921038
456,ace_ECFP_6.data,symFKNN,4,RBF,True,True,LapRLS,0.02,0,76,0.8556030750274658,0,0.5,0.3184275184275184
457,ace_ECFP_6.data,symFKNN,4,RBF,True,True,LapRLS,0.05,0,127,0.8674398581186931,0,0.5,0.3230963883137796
458,ace_ECFP_6.data,symFKNN,4,RBF,True,True,LapRLS,0.08,0,40,0.8776191711425781,0,0.5,0.2813295975547631
459,ace_ECFP_6.data,symFKNN,4,RBF,True,True,LapRLS,0.1,0,65,0.8889855106671651,0,0.5,0.2803391626921038
460,ace_ECFP_6.data,symFKNN,4,HM,True,True,LapRLS,0.02,0,76,0.9051732699076336,0,0.5,0.3184275184275184
461,ace_ECFP_6.data,symFKNN,4,HM,True,True,LapRLS,0.05,0,127,0.9159108757972716,0,0.5,0.3230963883137796
462,ace_ECFP_6.data,symFKNN,4,HM,True,True,LapRLS,0.08,0,40,0.9260276277860006,0,0.5,0.2813295975547631
463,ace_ECFP_6.data,symFKNN,4,HM,True,True,LapRLS,0.1,0,65,0.9377938628196716,0,0.5,0.2803391626921038
464,ace_ECFP_6.data,symFKNN,4,LLE,True,True,LapRLS,0.02,0,76,0.951287317276001,0,0.5,0.3184275184275184
465,ace_ECFP_6.data,symFKNN,4,LLE,True,True,LapRLS,0.05,0,127,0.9625478823979696,0,0.5,0.3230963883137796
466,ace_ECFP_6.data,symFKNN,4,LLE,True,True,LapRLS,0.08,0,40,0.9730135877927144,0,0.5,0.2813295975547631
467,ace_ECFP_6.data,symFKNN,4,LLE,True,True,LapRLS,0.1,0,65,0.9834158976872762,0,0.5,0.2803391626921038
468,ace_ECFP_6.data,MST,4,RBF,True,True,LapRLS,0.02,0,76,0.9996219635009764,0,0.5,0.3184275184275184
469,ace_ECFP_6.data,MST,4,RBF,True,True,LapRLS,0.05,0,127,1.0103320240974427,0,0.5,0.3230963883137796
470,ace_ECFP_6.data,MST,4,RBF,True,True,LapRLS,0.08,0,40,1.0209210753440856,0,0.5,0.2813295975547631
471,ace_ECFP_6.data,MST,4,RBF,True,True,LapRLS,0.1,0,65,1.0314731359481812,0,0.5,0.2803391626921038
472,ace_ECFP_6.data,MST,4,HM,True,True,LapRLS,0.02,0,76,1.046870481967926,0,0.5,0.3184275184275184
473,ace_ECFP_6.data,MST,4,HM,True,True,LapRLS,0.05,0,127,1.0583606680234274,0,0.5,0.3230963883137796
474,ace_ECFP_6.data,MST,4,HM,True,True,LapRLS,0.08,0,40,1.0697179396947225,0,0.5,0.2813295975547631
475,ace_ECFP_6.data,MST,4,HM,True,True,LapRLS,0.1,0,65,1.0797598282496137,0,0.5,0.2803391626921038
476,ace_ECFP_6.data,MST,4,LLE,True,True,LapRLS,0.02,0,76,1.0922775904337565,0,0.5,0.3184275184275184
477,ace_ECFP_6.data,MST,4,LLE,True,True,LapRLS,0.05,0,127,1.1036142071088155,0,0.5,0.3230963883137796
478,ace_ECFP_6.data,MST,4,LLE,True,True,LapRLS,0.08,0,40,1.1139714002609251,0,0.5,0.2813295975547631
479,ace_ECFP_6.data,MST,4,LLE,True,True,LapRLS,0.1,0,65,1.1252936442693076,0,0.5,0.2803391626921038
480,ace_ECFP_6.data,mutKNN,6,RBF,True,True,LapRLS,0.02,0,76,1.139792839686076,0,0.5,0.3184275184275184
481,ace_ECFP_6.data,mutKNN,6,RBF,True,True,LapRLS,0.05,0,127,1.1510002215703328,0,0.5,0.3230963883137796
482,ace_ECFP_6.data,mutKNN,6,RBF,True,True,LapRLS,0.08,0,40,1.1614364345868429,0,0.5,0.2813295975547631
483,ace_ECFP_6.data,mutKNN,6,RBF,True,True,LapRLS,0.1,0,65,1.1748525222142538,0,0.5,0.2803391626921038
484,ace_ECFP_6.data,mutKNN,6,HM,True,True,LapRLS,0.02,0,76,1.197493819395701,0,0.5,0.3184275184275184
485,ace_ECFP_6.data,mutKNN,6,HM,True,True,LapRLS,0.05,0,127,1.2114924709002175,0,0.5,0.3230963883137796
486,ace_ECFP_6.data,mutKNN,6,HM,True,True,LapRLS,0.08,0,40,1.2253787358601889,0,0.5,0.2813295975547631
487,ace_ECFP_6.data,mutKNN,6,HM,True,True,LapRLS,0.1,0,65,1.2394546548525491,0,0.5,0.2803391626921038
488,ace_ECFP_6.data,mutKNN,6,LLE,True,True,LapRLS,0.02,0,76,1.254068561395009,0,0.5,0.3184275184275184
489,ace_ECFP_6.data,mutKNN,6,LLE,True,True,LapRLS,0.05,0,127,1.2668603897094726,0,0.5,0.3230963883137796
490,ace_ECFP_6.data,mutKNN,6,LLE,True,True,LapRLS,0.08,0,40,1.2783184806505838,0,0.5,0.2813295975547631
491,ace_ECFP_6.data,mutKNN,6,LLE,True,True,LapRLS,0.1,0,65,1.2890265663464864,0,0.5,0.2803391626921038
492,ace_ECFP_6.data,symKNN,6,RBF,True,True,LapRLS,0.02,0,76,1.3036553184191386,0,0.5,0.3184275184275184
493,ace_ECFP_6.data,symKNN,6,RBF,True,True,LapRLS,0.05,0,127,1.3147053321202595,0,0.5,0.3230963883137796
494,ace_ECFP_6.data,symKNN,6,RBF,True,True,LapRLS,0.08,0,40,1.326071810722351,0,0.5,0.2813295975547631
495,ace_ECFP_6.data,symKNN,6,RBF,True,True,LapRLS,0.1,0,65,1.3373446782430014,0,0.5,0.2803391626921038
496,ace_ECFP_6.data,symKNN,6,HM,True,True,LapRLS,0.02,0,76,1.3522073030471802,0,0.5,0.3184275184275184
497,ace_ECFP_6.data,symKNN,6,HM,True,True,LapRLS,0.05,0,127,1.3633038600285847,0,0.5,0.3230963883137796
498,ace_ECFP_6.data,symKNN,6,HM,True,True,LapRLS,0.08,0,40,1.3746341546376546,0,0.5,0.2813295975547631
499,ace_ECFP_6.data,symKNN,6,HM,True,True,LapRLS,0.1,0,65,1.3850157578786215,0,0.5,0.2803391626921038
500,ace_ECFP_6.data,symKNN,6,LLE,True,True,LapRLS,0.02,0,76,1.3971357345581057,0,0.5,0.3184275184275184
501,ace_ECFP_6.data,symKNN,6,LLE,True,True,LapRLS,0.05,0,127,1.4098715464274088,0,0.5,0.3230963883137796
502,ace_ECFP_6.data,symKNN,6,LLE,True,True,LapRLS,0.08,0,40,1.420862631003062,0,0.5,0.2813295975547631
503,ace_ECFP_6.data,symKNN,6,LLE,True,True,LapRLS,0.1,0,65,1.430842439333598,0,0.5,0.2803391626921038
504,ace_ECFP_6.data,symFKNN,6,RBF,True,True,LapRLS,0.02,0,76,1.4443082173665365,0,0.5,0.3184275184275184
505,ace_ECFP_6.data,symFKNN,6,RBF,True,True,LapRLS,0.05,0,127,1.4556442062060038,0,0.5,0.3230963883137796
506,ace_ECFP_6.data,symFKNN,6,RBF,True,True,LapRLS,0.08,0,40,1.466094958782196,0,0.5,0.2813295975547631
507,ace_ECFP_6.data,symFKNN,6,RBF,True,True,LapRLS,0.1,0,65,1.476680258909861,0,0.5,0.2803391626921038
508,ace_ECFP_6.data,symFKNN,6,HM,True,True,LapRLS,0.02,0,76,1.494176411628723,0,0.5,0.3184275184275184
509,ace_ECFP_6.data,symFKNN,6,HM,True,True,LapRLS,0.05,0,127,1.5074785510698954,0,0.5,0.3230963883137796
510,ace_ECFP_6.data,symFKNN,6,HM,True,True,LapRLS,0.08,0,40,1.5187923669815064,0,0.5,0.2813295975547631
511,ace_ECFP_6.data,symFKNN,6,HM,True,True,LapRLS,0.1,0,65,1.5299334049224853,0,0.5,0.2803391626921038
512,ace_ECFP_6.data,symFKNN,6,LLE,True,True,LapRLS,0.02,0,76,1.543520180384318,0,0.5,0.3184275184275184
513,ace_ECFP_6.data,symFKNN,6,LLE,True,True,LapRLS,0.05,0,127,1.5538880189259847,0,0.5,0.3230963883137796
514,ace_ECFP_6.data,symFKNN,6,LLE,True,True,LapRLS,0.08,0,40,1.565168766180674,0,0.5,0.2813295975547631
515,ace_ECFP_6.data,symFKNN,6,LLE,True,True,LapRLS,0.1,0,65,1.5760540922482809,0,0.5,0.2803391626921038
516,ace_ECFP_6.data,MST,6,RBF,True,True,LapRLS,0.02,0,76,1.5923548102378846,0,0.5,0.3184275184275184
517,ace_ECFP_6.data,MST,6,RBF,True,True,LapRLS,0.05,0,127,1.6035433650016784,0,0.5,0.3230963883137796
518,ace_ECFP_6.data,MST,6,RBF,True,True,LapRLS,0.08,0,40,1.6147597988446554,0,0.5,0.2813295975547631
519,ace_ECFP_6.data,MST,6,RBF,True,True,LapRLS,0.1,0,65,1.6257667779922484,0,0.5,0.2803391626921038
520,ace_ECFP_6.data,MST,6,HM,True,True,LapRLS,0.02,0,76,1.6405864199002584,0,0.5,0.3184275184275184
521,ace_ECFP_6.data,MST,6,HM,True,True,LapRLS,0.05,0,127,1.651298209031423,0,0.5,0.3230963883137796
522,ace_ECFP_6.data,MST,6,HM,True,True,LapRLS,0.08,0,40,1.6621641993522644,0,0.5,0.2813295975547631
523,ace_ECFP_6.data,MST,6,HM,True,True,LapRLS,0.1,0,65,1.6729955236117044,0,0.5,0.2803391626921038
524,ace_ECFP_6.data,MST,6,LLE,True,True,LapRLS,0.02,0,76,1.6844459493954975,0,0.5,0.3184275184275184
525,ace_ECFP_6.data,MST,6,LLE,True,True,LapRLS,0.05,0,127,1.696486787001292,0,0.5,0.3230963883137796
526,ace_ECFP_6.data,MST,6,LLE,True,True,LapRLS,0.08,0,40,1.707141677538554,0,0.5,0.2813295975547631
527,ace_ECFP_6.data,MST,6,LLE,True,True,LapRLS,0.1,0,65,1.7186099648475648,0,0.5,0.2803391626921038
528,ace_ECFP_6.data,mutKNN,8,RBF,True,True,LapRLS,0.02,0,76,1.7314238548278809,0,0.5,0.3184275184275184
529,ace_ECFP_6.data,mutKNN,8,RBF,True,True,LapRLS,0.05,0,127,1.7421342174212138,0,0.5,0.3230963883137796
530,ace_ECFP_6.data,mutKNN,8,RBF,True,True,LapRLS,0.08,0,40,1.7543495496114094,0,0.5,0.2813295975547631
531,ace_ECFP_6.data,mutKNN,8,RBF,True,True,LapRLS,0.1,0,65,1.765687092145284,0,0.5,0.2803391626921038
532,ace_ECFP_6.data,mutKNN,8,HM,True,True,LapRLS,0.02,0,76,1.7810539603233335,0,0.5,0.3184275184275184
533,ace_ECFP_6.data,mutKNN,8,HM,True,True,LapRLS,0.05,0,127,1.7921725670496622,0,0.5,0.3230963883137796
534,ace_ECFP_6.data,mutKNN,8,HM,True,True,LapRLS,0.08,0,40,1.8028980811436968,0,0.5,0.2813295975547631
535,ace_ECFP_6.data,mutKNN,8,HM,True,True,LapRLS,0.1,0,65,1.8135415196418765,0,0.5,0.2803391626921038
536,ace_ECFP_6.data,mutKNN,8,LLE,True,True,LapRLS,0.02,0,76,1.8261218508084616,0,0.5,0.3184275184275184
537,ace_ECFP_6.data,mutKNN,8,LLE,True,True,LapRLS,0.05,0,127,1.837597056229909,0,0.5,0.3230963883137796
538,ace_ECFP_6.data,mutKNN,8,LLE,True,True,LapRLS,0.08,0,40,1.8492640495300288,0,0.5,0.2813295975547631
539,ace_ECFP_6.data,mutKNN,8,LLE,True,True,LapRLS,0.1,0,65,1.860054854551951,0,0.5,0.2803391626921038
540,ace_ECFP_6.data,symKNN,8,RBF,True,True,LapRLS,0.02,0,76,1.8746727148691813,0,0.5,0.3184275184275184
541,ace_ECFP_6.data,symKNN,8,RBF,True,True,LapRLS,0.05,0,127,1.885454229513804,0,0.5,0.3230963883137796
542,ace_ECFP_6.data,symKNN,8,RBF,True,True,LapRLS,0.08,0,40,1.896318789323171,0,0.5,0.2813295975547631
543,ace_ECFP_6.data,symKNN,8,RBF,True,True,LapRLS,0.1,0,65,1.9073007186253863,0,0.5,0.2803391626921038
544,ace_ECFP_6.data,symKNN,8,HM,True,True,LapRLS,0.02,0,76,1.924002182483673,0,0.5,0.3184275184275184
545,ace_ECFP_6.data,symKNN,8,HM,True,True,LapRLS,0.05,0,127,1.934351110458374,0,0.5,0.3230963883137796
546,ace_ECFP_6.data,symKNN,8,HM,True,True,LapRLS,0.08,0,40,1.9448984384536745,0,0.5,0.2813295975547631
547,ace_ECFP_6.data,symKNN,8,HM,True,True,LapRLS,0.1,0,65,1.9557494084040323,0,0.5,0.2803391626921038
548,ace_ECFP_6.data,symKNN,8,LLE,True,True,LapRLS,0.02,0,76,1.9688607096672053,0,0.5,0.3184275184275184
549,ace_ECFP_6.data,symKNN,8,LLE,True,True,LapRLS,0.05,0,127,1.9801034092903136,0,0.5,0.3230963883137796
550,ace_ECFP_6.data,symKNN,8,LLE,True,True,LapRLS,0.08,0,40,1.991216123104096,0,0.5,0.2813295975547631
551,ace_ECFP_6.data,symKNN,8,LLE,True,True,LapRLS,0.1,0,65,2.003416923681895,0,0.5,0.2803391626921038
552,ace_ECFP_6.data,symFKNN,8,RBF,True,True,LapRLS,0.02,0,76,2.0176661213239035,0,0.5,0.3184275184275184
553,ace_ECFP_6.data,symFKNN,8,RBF,True,True,LapRLS,0.05,0,127,2.0281607866287232,0,0.5,0.3230963883137796
554,ace_ECFP_6.data,symFKNN,8,RBF,True,True,LapRLS,0.08,0,40,2.0387638250986737,0,0.5,0.2813295975547631
555,ace_ECFP_6.data,symFKNN,8,RBF,True,True,LapRLS,0.1,0,65,2.050054327646891,0,0.5,0.2803391626921038
556,ace_ECFP_6.data,symFKNN,8,HM,True,True,LapRLS,0.02,0,76,2.065984996159872,0,0.5,0.3184275184275184
557,ace_ECFP_6.data,symFKNN,8,HM,True,True,LapRLS,0.05,0,127,2.077326234181722,0,0.5,0.3230963883137796
558,ace_ECFP_6.data,symFKNN,8,HM,True,True,LapRLS,0.08,0,40,2.088954762617747,0,0.5,0.2813295975547631
559,ace_ECFP_6.data,symFKNN,8,HM,True,True,LapRLS,0.1,0,65,2.099904239177704,0,0.5,0.2803391626921038
560,ace_ECFP_6.data,symFKNN,8,LLE,True,True,LapRLS,0.02,0,76,2.1132668058077493,0,0.5,0.3184275184275184
561,ace_ECFP_6.data,symFKNN,8,LLE,True,True,LapRLS,0.05,0,127,2.124015859762828,0,0.5,0.3230963883137796
562,ace_ECFP_6.data,symFKNN,8,LLE,True,True,LapRLS,0.08,0,40,2.134862983226776,0,0.5,0.2813295975547631
563,ace_ECFP_6.data,symFKNN,8,LLE,True,True,LapRLS,0.1,0,65,2.145695380369822,0,0.5,0.2803391626921038
564,ace_ECFP_6.data,MST,8,RBF,True,True,LapRLS,0.02,0,76,2.160462403297424,0,0.5,0.3184275184275184
565,ace_ECFP_6.data,MST,8,RBF,True,True,LapRLS,0.05,0,127,2.1714003562927244,0,0.5,0.3230963883137796
566,ace_ECFP_6.data,MST,8,RBF,True,True,LapRLS,0.08,0,40,2.182400008042653,0,0.5,0.2813295975547631
567,ace_ECFP_6.data,MST,8,RBF,True,True,LapRLS,0.1,0,65,2.1926144401232404,0,0.5,0.2803391626921038
568,ace_ECFP_6.data,MST,8,HM,True,True,LapRLS,0.02,0,76,2.2089638431866963,0,0.5,0.3184275184275184
569,ace_ECFP_6.data,MST,8,HM,True,True,LapRLS,0.05,0,127,2.2191516677538554,0,0.5,0.3230963883137796
570,ace_ECFP_6.data,MST,8,HM,True,True,LapRLS,0.08,0,40,2.2298609296480816,0,0.5,0.2813295975547631
571,ace_ECFP_6.data,MST,8,HM,True,True,LapRLS,0.1,0,65,2.24053772687912,0,0.5,0.2803391626921038
572,ace_ECFP_6.data,MST,8,LLE,True,True,LapRLS,0.02,0,76,2.2533851663271585,0,0.5,0.3184275184275184
573,ace_ECFP_6.data,MST,8,LLE,True,True,LapRLS,0.05,0,127,2.27757842540741,0,0.5,0.3230963883137796
574,ace_ECFP_6.data,MST,8,LLE,True,True,LapRLS,0.08,0,40,2.297709576288859,0,0.5,0.2813295975547631
575,ace_ECFP_6.data,MST,8,LLE,True,True,LapRLS,0.1,0,65,2.317762331167857,0,0.5,0.2803391626921038
576,ace_ECFP_6.data,mutKNN,10,RBF,True,True,LapRLS,0.02,0,76,2.340774675210317,0,0.5,0.3184275184275184
577,ace_ECFP_6.data,mutKNN,10,RBF,True,True,LapRLS,0.05,0,127,2.35641530752182,0,0.5,0.3230963883137796
578,ace_ECFP_6.data,mutKNN,10,RBF,True,True,LapRLS,0.08,0,40,2.371934370199839,0,0.5,0.2813295975547631
579,ace_ECFP_6.data,mutKNN,10,RBF,True,True,LapRLS,0.1,0,65,2.3872650504112243,0,0.5,0.2803391626921038
580,ace_ECFP_6.data,mutKNN,10,HM,True,True,LapRLS,0.02,0,76,2.4075507442156474,0,0.5,0.3184275184275184
581,ace_ECFP_6.data,mutKNN,10,HM,True,True,LapRLS,0.05,0,127,2.419427231947581,0,0.5,0.3230963883137796
582,ace_ECFP_6.data,mutKNN,10,HM,True,True,LapRLS,0.08,0,40,2.4351863622665406,0,0.5,0.2813295975547631
583,ace_ECFP_6.data,mutKNN,10,HM,True,True,LapRLS,0.1,0,65,2.449033304055532,0,0.5,0.2803391626921038
584,ace_ECFP_6.data,mutKNN,10,LLE,True,True,LapRLS,0.02,0,76,2.465995387236277,0,0.5,0.3184275184275184
585,ace_ECFP_6.data,mutKNN,10,LLE,True,True,LapRLS,0.05,0,127,2.4814470609029136,0,0.5,0.3230963883137796
586,ace_ECFP_6.data,mutKNN,10,LLE,True,True,LapRLS,0.08,0,40,2.497307741641998,0,0.5,0.2813295975547631
587,ace_ECFP_6.data,mutKNN,10,LLE,True,True,LapRLS,0.1,0,65,2.514022938410441,0,0.5,0.2803391626921038
588,ace_ECFP_6.data,symKNN,10,RBF,True,True,LapRLS,0.02,0,76,2.535422134399414,0,0.5,0.3184275184275184
589,ace_ECFP_6.data,symKNN,10,RBF,True,True,LapRLS,0.05,0,127,2.553148146470388,0,0.5,0.3230963883137796
590,ace_ECFP_6.data,symKNN,10,RBF,True,True,LapRLS,0.08,0,40,2.570887792110443,0,0.5,0.2813295975547631
591,ace_ECFP_6.data,symKNN,10,RBF,True,True,LapRLS,0.1,0,65,2.589148469765981,0,0.5,0.2803391626921038
592,ace_ECFP_6.data,symKNN,10,HM,True,True,LapRLS,0.02,0,76,2.6168290177981057,0,0.5,0.3184275184275184
593,ace_ECFP_6.data,symKNN,10,HM,True,True,LapRLS,0.05,0,127,2.6358563542366027,0,0.5,0.3230963883137796
594,ace_ECFP_6.data,symKNN,10,HM,True,True,LapRLS,0.08,0,40,2.6541339635849,0,0.5,0.2813295975547631
595,ace_ECFP_6.data,symKNN,10,HM,True,True,LapRLS,0.1,0,65,2.675537478923798,0,0.5,0.2803391626921038
596,ace_ECFP_6.data,symKNN,10,LLE,True,True,LapRLS,0.02,0,76,2.696123417218526,0,0.5,0.3184275184275184
597,ace_ECFP_6.data,symKNN,10,LLE,True,True,LapRLS,0.05,0,127,2.710737939675649,0,0.5,0.3230963883137796
598,ace_ECFP_6.data,symKNN,10,LLE,True,True,LapRLS,0.08,0,40,2.724832391738892,0,0.5,0.2813295975547631
599,ace_ECFP_6.data,symKNN,10,LLE,True,True,LapRLS,0.1,0,65,2.737624216079712,0,0.5,0.2803391626921038
600,ace_ECFP_6.data,symFKNN,10,RBF,True,True,LapRLS,0.02,0,76,2.7543221433957417,0,0.5,0.3184275184275184
601,ace_ECFP_6.data,symFKNN,10,RBF,True,True,LapRLS,0.05,0,127,2.767378012339274,0,0.5,0.3230963883137796
602,ace_ECFP_6.data,symFKNN,10,RBF,True,True,LapRLS,0.08,0,40,2.779367085297902,0,0.5,0.2813295975547631
603,ace_ECFP_6.data,symFKNN,10,RBF,True,True,LapRLS,0.1,0,65,2.790581401189168,0,0.5,0.2803391626921038
604,ace_ECFP_6.data,symFKNN,10,HM,True,True,LapRLS,0.02,0,76,2.8070497075716654,0,0.5,0.3184275184275184
605,ace_ECFP_6.data,symFKNN,10,HM,True,True,LapRLS,0.05,0,127,2.818291958173116,0,0.5,0.3230963883137796
606,ace_ECFP_6.data,symFKNN,10,HM,True,True,LapRLS,0.08,0,40,2.829220342636108,0,0.5,0.2813295975547631
607,ace_ECFP_6.data,symFKNN,10,HM,True,True,LapRLS,0.1,0,65,2.840203972657521,0,0.5,0.2803391626921038
608,ace_ECFP_6.data,symFKNN,10,LLE,True,True,LapRLS,0.02,0,76,2.854202381769816,0,0.5,0.3184275184275184
609,ace_ECFP_6.data,symFKNN,10,LLE,True,True,LapRLS,0.05,0,127,2.8652233362197874,0,0.5,0.3230963883137796
610,ace_ECFP_6.data,symFKNN,10,LLE,True,True,LapRLS,0.08,0,40,2.876988331476847,0,0.5,0.2813295975547631
611,ace_ECFP_6.data,symFKNN,10,LLE,True,True,LapRLS,0.1,0,65,2.887996780872345,0,0.5,0.2803391626921038
612,ace_ECFP_6.data,MST,10,RBF,True,True,LapRLS,0.02,0,76,2.9031014998753863,0,0.5,0.3184275184275184
613,ace_ECFP_6.data,MST,10,RBF,True,True,LapRLS,0.05,0,127,2.913265069325765,0,0.5,0.3230963883137796
614,ace_ECFP_6.data,MST,10,RBF,True,True,LapRLS,0.08,0,40,2.924135331312816,0,0.5,0.2813295975547631
615,ace_ECFP_6.data,MST,10,RBF,True,True,LapRLS,0.1,0,65,2.93444398244222,0,0.5,0.2803391626921038
616,ace_ECFP_6.data,MST,10,HM,True,True,LapRLS,0.02,0,76,2.950845436255137,0,0.5,0.3184275184275184
617,ace_ECFP_6.data,MST,10,HM,True,True,LapRLS,0.05,0,127,2.9620742003122964,0,0.5,0.3230963883137796
618,ace_ECFP_6.data,MST,10,HM,True,True,LapRLS,0.08,0,40,2.9737776637077333,0,0.5,0.2813295975547631
619,ace_ECFP_6.data,MST,10,HM,True,True,LapRLS,0.1,0,65,2.986859480539957,0,0.5,0.2803391626921038
620,ace_ECFP_6.data,MST,10,LLE,True,True,LapRLS,0.02,0,76,3.000695737202962,0,0.5,0.3184275184275184
621,ace_ECFP_6.data,MST,10,LLE,True,True,LapRLS,0.05,0,127,3.0121410131454467,0,0.5,0.3230963883137796
622,ace_ECFP_6.data,MST,10,LLE,True,True,LapRLS,0.08,0,40,3.022724962234497,0,0.5,0.2813295975547631
623,ace_ECFP_6.data,MST,10,LLE,True,True,LapRLS,0.1,0,65,3.03331071138382,0,0.5,0.2803391626921038
624,ace_ECFP_6.data,mutKNN,12,RBF,True,True,LapRLS,0.02,0,76,3.047664399941762,0,0.5,0.3184275184275184
625,ace_ECFP_6.data,mutKNN,12,RBF,True,True,LapRLS,0.05,0,127,3.0600964228312173,0,0.5,0.3230963883137796
626,ace_ECFP_6.data,mutKNN,12,RBF,True,True,LapRLS,0.08,0,40,3.0709051926930746,0,0.5,0.2813295975547631
627,ace_ECFP_6.data,mutKNN,12,RBF,True,True,LapRLS,0.1,0,65,3.0818589528401694,0,0.5,0.2803391626921038
628,ace_ECFP_6.data,mutKNN,12,HM,True,True,LapRLS,0.02,0,76,3.097625760237376,0,0.5,0.3184275184275184
629,ace_ECFP_6.data,mutKNN,12,HM,True,True,LapRLS,0.05,0,127,3.109063351154328,0,0.5,0.3230963883137796
630,ace_ECFP_6.data,mutKNN,12,HM,True,True,LapRLS,0.08,0,40,3.1202196717262267,0,0.5,0.2813295975547631
631,ace_ECFP_6.data,mutKNN,12,HM,True,True,LapRLS,0.1,0,65,3.131558708349864,0,0.5,0.2803391626921038
632,ace_ECFP_6.data,mutKNN,12,LLE,True,True,LapRLS,0.02,0,76,3.14476257165273,0,0.5,0.3184275184275184
633,ace_ECFP_6.data,mutKNN,12,LLE,True,True,LapRLS,0.05,0,127,3.1565152406692505,0,0.5,0.3230963883137796
634,ace_ECFP_6.data,mutKNN,12,LLE,True,True,LapRLS,0.08,0,40,3.1674015005429585,0,0.5,0.2813295975547631
635,ace_ECFP_6.data,mutKNN,12,LLE,True,True,LapRLS,0.1,0,65,3.177467135588328,0,0.5,0.2803391626921038
636,ace_ECFP_6.data,symKNN,12,RBF,True,True,LapRLS,0.02,0,76,3.1917483687400816,0,0.5,0.3184275184275184
637,ace_ECFP_6.data,symKNN,12,RBF,True,True,LapRLS,0.05,0,127,3.202720133463542,0,0.5,0.3230963883137796
638,ace_ECFP_6.data,symKNN,12,RBF,True,True,LapRLS,0.08,0,40,3.212724105517069,0,0.5,0.2813295975547631
639,ace_ECFP_6.data,symKNN,12,RBF,True,True,LapRLS,0.1,0,65,3.223599457740784,0,0.5,0.2803391626921038
640,ace_ECFP_6.data,symKNN,12,HM,True,True,LapRLS,0.02,0,76,3.239518721898397,0,0.5,0.3184275184275184
641,ace_ECFP_6.data,symKNN,12,HM,True,True,LapRLS,0.05,0,127,3.250422724088033,0,0.5,0.3230963883137796
642,ace_ECFP_6.data,symKNN,12,HM,True,True,LapRLS,0.08,0,40,3.2614243984222413,0,0.5,0.2813295975547631
643,ace_ECFP_6.data,symKNN,12,HM,True,True,LapRLS,0.1,0,65,3.2724077979723614,0,0.5,0.2803391626921038
644,ace_ECFP_6.data,symKNN,12,LLE,True,True,LapRLS,0.02,0,76,3.2868935147921245,0,0.5,0.3184275184275184
645,ace_ECFP_6.data,symKNN,12,LLE,True,True,LapRLS,0.05,0,127,3.297945261001587,0,0.5,0.3230963883137796
646,ace_ECFP_6.data,symKNN,12,LLE,True,True,LapRLS,0.08,0,40,3.309175225098928,0,0.5,0.2813295975547631
647,ace_ECFP_6.data,symKNN,12,LLE,True,True,LapRLS,0.1,0,65,3.320147224267324,0,0.5,0.2803391626921038
648,ace_ECFP_6.data,symFKNN,12,RBF,True,True,LapRLS,0.02,0,76,3.33498877286911,0,0.5,0.3184275184275184
649,ace_ECFP_6.data,symFKNN,12,RBF,True,True,LapRLS,0.05,0,127,3.347518769900004,0,0.5,0.3230963883137796
650,ace_ECFP_6.data,symFKNN,12,RBF,True,True,LapRLS,0.08,0,40,3.358749095598857,0,0.5,0.2813295975547631
651,ace_ECFP_6.data,symFKNN,12,RBF,True,True,LapRLS,0.1,0,65,3.369861336549123,0,0.5,0.2803391626921038
652,ace_ECFP_6.data,symFKNN,12,HM,True,True,LapRLS,0.02,0,76,3.385095202922821,0,0.5,0.3184275184275184
653,ace_ECFP_6.data,symFKNN,12,HM,True,True,LapRLS,0.05,0,127,3.3957899689674376,0,0.5,0.3230963883137796
654,ace_ECFP_6.data,symFKNN,12,HM,True,True,LapRLS,0.08,0,40,3.4070406436920164,0,0.5,0.2813295975547631
655,ace_ECFP_6.data,symFKNN,12,HM,True,True,LapRLS,0.1,0,65,3.418003233273824,0,0.5,0.2803391626921038
656,ace_ECFP_6.data,symFKNN,12,LLE,True,True,LapRLS,0.02,0,76,3.4333871960639955,0,0.5,0.3184275184275184
657,ace_ECFP_6.data,symFKNN,12,LLE,True,True,LapRLS,0.05,0,127,3.444319423039754,0,0.5,0.3230963883137796
658,ace_ECFP_6.data,symFKNN,12,LLE,True,True,LapRLS,0.08,0,40,3.455141127109528,0,0.5,0.2813295975547631
659,ace_ECFP_6.data,symFKNN,12,LLE,True,True,LapRLS,0.1,0,65,3.466521684328715,0,0.5,0.2803391626921038
660,ace_ECFP_6.data,MST,12,RBF,True,True,LapRLS,0.02,0,76,3.481153869628906,0,0.5,0.3184275184275184
661,ace_ECFP_6.data,MST,12,RBF,True,True,LapRLS,0.05,0,127,3.493379028638204,0,0.5,0.3230963883137796
662,ace_ECFP_6.data,MST,12,RBF,True,True,LapRLS,0.08,0,40,3.504896104335785,0,0.5,0.2813295975547631
663,ace_ECFP_6.data,MST,12,RBF,True,True,LapRLS,0.1,0,65,3.5153307795524595,0,0.5,0.2803391626921038
664,ace_ECFP_6.data,MST,12,HM,True,True,LapRLS,0.02,0,76,3.530403502782186,0,0.5,0.3184275184275184
665,ace_ECFP_6.data,MST,12,HM,True,True,LapRLS,0.05,0,127,3.5427783568700155,0,0.5,0.3230963883137796
666,ace_ECFP_6.data,MST,12,HM,True,True,LapRLS,0.08,0,40,3.5544554591178894,0,0.5,0.2813295975547631
667,ace_ECFP_6.data,MST,12,HM,True,True,LapRLS,0.1,0,65,3.564856843153636,0,0.5,0.2803391626921038
668,ace_ECFP_6.data,MST,12,LLE,True,True,LapRLS,0.02,0,76,3.5772326906522114,0,0.5,0.3184275184275184
669,ace_ECFP_6.data,MST,12,LLE,True,True,LapRLS,0.05,0,127,3.589413853486379,0,0.5,0.3230963883137796
670,ace_ECFP_6.data,MST,12,LLE,True,True,LapRLS,0.08,0,40,3.601194767157237,0,0.5,0.2813295975547631
671,ace_ECFP_6.data,MST,12,LLE,True,True,LapRLS,0.1,0,65,3.611757822831472,0,0.5,0.2803391626921038
672,ace_ECFP_6.data,mutKNN,14,RBF,True,True,LapRLS,0.02,0,76,3.624911530812581,0,0.5,0.3184275184275184
673,ace_ECFP_6.data,mutKNN,14,RBF,True,True,LapRLS,0.05,0,127,3.635372499624888,0,0.5,0.3230963883137796
674,ace_ECFP_6.data,mutKNN,14,RBF,True,True,LapRLS,0.08,0,40,3.646196015675863,0,0.5,0.2813295975547631
675,ace_ECFP_6.data,mutKNN,14,RBF,True,True,LapRLS,0.1,0,65,3.657021772861481,0,0.5,0.2803391626921038
676,ace_ECFP_6.data,mutKNN,14,HM,True,True,LapRLS,0.02,0,76,3.672447502613068,0,0.5,0.3184275184275184
677,ace_ECFP_6.data,mutKNN,14,HM,True,True,LapRLS,0.05,0,127,3.6836398601531983,0,0.5,0.3230963883137796
678,ace_ECFP_6.data,mutKNN,14,HM,True,True,LapRLS,0.08,0,40,3.6940813104311614,0,0.5,0.2813295975547631
679,ace_ECFP_6.data,mutKNN,14,HM,True,True,LapRLS,0.1,0,65,3.705309673150381,0,0.5,0.2803391626921038
680,ace_ECFP_6.data,mutKNN,14,LLE,True,True,LapRLS,0.02,0,76,3.7187843163808174,0,0.5,0.3184275184275184
681,ace_ECFP_6.data,mutKNN,14,LLE,True,True,LapRLS,0.05,0,127,3.730875623226166,0,0.5,0.3230963883137796
682,ace_ECFP_6.data,mutKNN,14,LLE,True,True,LapRLS,0.08,0,40,3.7413274089495343,0,0.5,0.2813295975547631
683,ace_ECFP_6.data,mutKNN,14,LLE,True,True,LapRLS,0.1,0,65,3.751990211009979,0,0.5,0.2803391626921038
684,ace_ECFP_6.data,symKNN,14,RBF,True,True,LapRLS,0.02,0,76,3.765852379798889,0,0.5,0.3184275184275184
685,ace_ECFP_6.data,symKNN,14,RBF,True,True,LapRLS,0.05,0,127,3.775522204240163,0,0.5,0.3230963883137796
686,ace_ECFP_6.data,symKNN,14,RBF,True,True,LapRLS,0.08,0,40,3.7864615440368654,0,0.5,0.2813295975547631
687,ace_ECFP_6.data,symKNN,14,RBF,True,True,LapRLS,0.1,0,65,3.7974282622337343,0,0.5,0.2803391626921038
688,ace_ECFP_6.data,symKNN,14,HM,True,True,LapRLS,0.02,0,76,3.812839881579081,0,0.5,0.3184275184275184
689,ace_ECFP_6.data,symKNN,14,HM,True,True,LapRLS,0.05,0,127,3.8239372253417967,0,0.5,0.3230963883137796
690,ace_ECFP_6.data,symKNN,14,HM,True,True,LapRLS,0.08,0,40,3.8347673455874127,0,0.5,0.2813295975547631
691,ace_ECFP_6.data,symKNN,14,HM,True,True,LapRLS,0.1,0,65,3.844947707653046,0,0.5,0.2803391626921038
692,ace_ECFP_6.data,symKNN,14,LLE,True,True,LapRLS,0.02,0,76,3.8603033860524496,0,0.5,0.3184275184275184
693,ace_ECFP_6.data,symKNN,14,LLE,True,True,LapRLS,0.05,0,127,3.871929979324341,0,0.5,0.3230963883137796
694,ace_ECFP_6.data,symKNN,14,LLE,True,True,LapRLS,0.08,0,40,3.883556465307872,0,0.5,0.2813295975547631
695,ace_ECFP_6.data,symKNN,14,LLE,True,True,LapRLS,0.1,0,65,3.894592249393463,0,0.5,0.2803391626921038
696,ace_ECFP_6.data,symFKNN,14,RBF,True,True,LapRLS,0.02,0,76,3.907661922772725,0,0.5,0.3184275184275184
697,ace_ECFP_6.data,symFKNN,14,RBF,True,True,LapRLS,0.05,0,127,3.918010501066844,0,0.5,0.3230963883137796
698,ace_ECFP_6.data,symFKNN,14,RBF,True,True,LapRLS,0.08,0,40,3.929740746816,0,0.5,0.2813295975547631
699,ace_ECFP_6.data,symFKNN,14,RBF,True,True,LapRLS,0.1,0,65,3.9410863558451337,0,0.5,0.2803391626921038
700,ace_ECFP_6.data,symFKNN,14,HM,True,True,LapRLS,0.02,0,76,3.9607824246088654,0,0.5,0.3184275184275184
701,ace_ECFP_6.data,symFKNN,14,HM,True,True,LapRLS,0.05,0,127,3.976960452397664,0,0.5,0.3230963883137796
702,ace_ECFP_6.data,symFKNN,14,HM,True,True,LapRLS,0.08,0,40,3.9934122999509176,0,0.5,0.2813295975547631
703,ace_ECFP_6.data,symFKNN,14,HM,True,True,LapRLS,0.1,0,65,4.005146912733713,0,0.5,0.2803391626921038
704,ace_ECFP_6.data,symFKNN,14,LLE,True,True,LapRLS,0.02,0,76,4.021324249108632,0,0.5,0.3184275184275184
705,ace_ECFP_6.data,symFKNN,14,LLE,True,True,LapRLS,0.05,0,127,4.032702807585398,0,0.5,0.3230963883137796
706,ace_ECFP_6.data,symFKNN,14,LLE,True,True,LapRLS,0.08,0,40,4.043352254231771,0,0.5,0.2813295975547631
707,ace_ECFP_6.data,symFKNN,14,LLE,True,True,LapRLS,0.1,0,65,4.0544595201810205,0,0.5,0.2803391626921038
708,ace_ECFP_6.data,MST,14,RBF,True,True,LapRLS,0.02,0,76,4.070115701357524,0,0.5,0.3184275184275184
709,ace_ECFP_6.data,MST,14,RBF,True,True,LapRLS,0.05,0,127,4.081078728040059,0,0.5,0.3230963883137796
710,ace_ECFP_6.data,MST,14,RBF,True,True,LapRLS,0.08,0,40,4.092282255490621,0,0.5,0.2813295975547631
711,ace_ECFP_6.data,MST,14,RBF,True,True,LapRLS,0.1,0,65,4.103250189622243,0,0.5,0.2803391626921038
712,ace_ECFP_6.data,MST,14,HM,True,True,LapRLS,0.02,0,76,4.119166576862336,0,0.5,0.3184275184275184
713,ace_ECFP_6.data,MST,14,HM,True,True,LapRLS,0.05,0,127,4.13051214615504,0,0.5,0.3230963883137796
714,ace_ECFP_6.data,MST,14,HM,True,True,LapRLS,0.08,0,40,4.1423915266990665,0,0.5,0.2813295975547631
715,ace_ECFP_6.data,MST,14,HM,True,True,LapRLS,0.1,0,65,4.154386329650879,0,0.5,0.2803391626921038
716,ace_ECFP_6.data,MST,14,LLE,True,True,LapRLS,0.02,0,76,4.1663027048110965,0,0.5,0.3184275184275184
717,ace_ECFP_6.data,MST,14,LLE,True,True,LapRLS,0.05,0,127,4.177334626515706,0,0.5,0.3230963883137796
718,ace_ECFP_6.data,MST,14,LLE,True,True,LapRLS,0.08,0,40,4.190125683943431,0,0.5,0.2813295975547631
719,ace_ECFP_6.data,MST,14,LLE,True,True,LapRLS,0.1,0,65,4.200316794713339,0,0.5,0.2803391626921038
720,ace_ECFP_6.data,mutKNN,16,RBF,True,True,LapRLS,0.02,0,76,4.213854968547821,0,0.5,0.3184275184275184
721,ace_ECFP_6.data,mutKNN,16,RBF,True,True,LapRLS,0.05,0,127,4.224595359961191,0,0.5,0.3230963883137796
722,ace_ECFP_6.data,mutKNN,16,RBF,True,True,LapRLS,0.08,0,40,4.235797762870789,0,0.5,0.2813295975547631
723,ace_ECFP_6.data,mutKNN,16,RBF,True,True,LapRLS,0.1,0,65,4.247251419226329,0,0.5,0.2803391626921038
724,ace_ECFP_6.data,mutKNN,16,HM,True,True,LapRLS,0.02,0,76,4.2621441841125485,0,0.5,0.3184275184275184
725,ace_ECFP_6.data,mutKNN,16,HM,True,True,LapRLS,0.05,0,127,4.27223097483317,0,0.5,0.3230963883137796
726,ace_ECFP_6.data,mutKNN,16,HM,True,True,LapRLS,0.08,0,40,4.28276170094808,0,0.5,0.2813295975547631
727,ace_ECFP_6.data,mutKNN,16,HM,True,True,LapRLS,0.1,0,65,4.2931946555773415,0,0.5,0.2803391626921038
728,ace_ECFP_6.data,mutKNN,16,LLE,True,True,LapRLS,0.02,0,76,4.305958843231201,0,0.5,0.3184275184275184
729,ace_ECFP_6.data,mutKNN,16,LLE,True,True,LapRLS,0.05,0,127,4.317965908845266,0,0.5,0.3230963883137796
730,ace_ECFP_6.data,mutKNN,16,LLE,True,True,LapRLS,0.08,0,40,4.3294550975163775,0,0.5,0.2813295975547631
731,ace_ECFP_6.data,mutKNN,16,LLE,True,True,LapRLS,0.1,0,65,4.339717872937521,0,0.5,0.2803391626921038
732,ace_ECFP_6.data,symKNN,16,RBF,True,True,LapRLS,0.02,0,76,4.3526641448338825,0,0.5,0.3184275184275184
733,ace_ECFP_6.data,symKNN,16,RBF,True,True,LapRLS,0.05,0,127,4.3646741310755415,0,0.5,0.3230963883137796
734,ace_ECFP_6.data,symKNN,16,RBF,True,True,LapRLS,0.08,0,40,4.374992907047272,0,0.5,0.2813295975547631
735,ace_ECFP_6.data,symKNN,16,RBF,True,True,LapRLS,0.1,0,65,4.386098821957906,0,0.5,0.2803391626921038
736,ace_ECFP_6.data,symKNN,16,HM,True,True,LapRLS,0.02,0,76,4.401976037025452,0,0.5,0.3184275184275184
737,ace_ECFP_6.data,symKNN,16,HM,True,True,LapRLS,0.05,0,127,4.4127318104108175,0,0.5,0.3230963883137796
738,ace_ECFP_6.data,symKNN,16,HM,True,True,LapRLS,0.08,0,40,4.423520306746165,0,0.5,0.2813295975547631
739,ace_ECFP_6.data,symKNN,16,HM,True,True,LapRLS,0.1,0,65,4.435406911373138,0,0.5,0.2803391626921038
740,ace_ECFP_6.data,symKNN,16,LLE,True,True,LapRLS,0.02,0,76,4.451322627067566,0,0.5,0.3184275184275184
741,ace_ECFP_6.data,symKNN,16,LLE,True,True,LapRLS,0.05,0,127,4.462678861618042,0,0.5,0.3230963883137796
742,ace_ECFP_6.data,symKNN,16,LLE,True,True,LapRLS,0.08,0,40,4.474568831920624,0,0.5,0.2813295975547631
743,ace_ECFP_6.data,symKNN,16,LLE,True,True,LapRLS,0.1,0,65,4.491230197747549,0,0.5,0.2803391626921038
744,ace_ECFP_6.data,symFKNN,16,RBF,True,True,LapRLS,0.02,0,76,4.511053264141083,0,0.5,0.3184275184275184
745,ace_ECFP_6.data,symFKNN,16,RBF,True,True,LapRLS,0.05,0,127,4.52618846098582,0,0.5,0.3230963883137796
746,ace_ECFP_6.data,symFKNN,16,RBF,True,True,LapRLS,0.08,0,40,4.538980269432068,0,0.5,0.2813295975547631
747,ace_ECFP_6.data,symFKNN,16,RBF,True,True,LapRLS,0.1,0,65,4.553650919596354,0,0.5,0.2803391626921038
748,ace_ECFP_6.data,symFKNN,16,HM,True,True,LapRLS,0.02,0,76,4.573434841632843,0,0.5,0.3184275184275184
749,ace_ECFP_6.data,symFKNN,16,HM,True,True,LapRLS,0.05,0,127,4.587789030869802,0,0.5,0.3230963883137796
750,ace_ECFP_6.data,symFKNN,16,HM,True,True,LapRLS,0.08,0,40,4.5990397214889525,0,0.5,0.2813295975547631
751,ace_ECFP_6.data,symFKNN,16,HM,True,True,LapRLS,0.1,0,65,4.608928140004476,0,0.5,0.2803391626921038
752,ace_ECFP_6.data,symFKNN,16,LLE,True,True,LapRLS,0.02,0,76,4.625629357496897,0,0.5,0.3184275184275184
753,ace_ECFP_6.data,symFKNN,16,LLE,True,True,LapRLS,0.05,0,127,4.637150259812673,0,0.5,0.3230963883137796
754,ace_ECFP_6.data,symFKNN,16,LLE,True,True,LapRLS,0.08,0,40,4.64845697482427,0,0.5,0.2813295975547631
755,ace_ECFP_6.data,symFKNN,16,LLE,True,True,LapRLS,0.1,0,65,4.658782112598419,0,0.5,0.2803391626921038
756,ace_ECFP_6.data,MST,16,RBF,True,True,LapRLS,0.02,0,76,4.674697701136271,0,0.5,0.3184275184275184
757,ace_ECFP_6.data,MST,16,RBF,True,True,LapRLS,0.05,0,127,4.685704557100932,0,0.5,0.3230963883137796
758,ace_ECFP_6.data,MST,16,RBF,True,True,LapRLS,0.08,0,40,4.696358422438304,0,0.5,0.2813295975547631
759,ace_ECFP_6.data,MST,16,RBF,True,True,LapRLS,0.1,0,65,4.706809190909068,0,0.5,0.2803391626921038
760,ace_ECFP_6.data,MST,16,HM,True,True,LapRLS,0.02,0,76,4.722088936964671,0,0.5,0.3184275184275184
761,ace_ECFP_6.data,MST,16,HM,True,True,LapRLS,0.05,0,127,4.733443530400594,0,0.5,0.3230963883137796
762,ace_ECFP_6.data,MST,16,HM,True,True,LapRLS,0.08,0,40,4.7441282312075295,0,0.5,0.2813295975547631
763,ace_ECFP_6.data,MST,16,HM,True,True,LapRLS,0.1,0,65,4.755121147632599,0,0.5,0.2803391626921038
764,ace_ECFP_6.data,MST,16,LLE,True,True,LapRLS,0.02,0,76,4.76709060271581,0,0.5,0.3184275184275184
765,ace_ECFP_6.data,MST,16,LLE,True,True,LapRLS,0.05,0,127,4.778844288984934,0,0.5,0.3230963883137796
766,ace_ECFP_6.data,MST,16,LLE,True,True,LapRLS,0.08,0,40,4.789314540227254,0,0.5,0.2813295975547631
767,ace_ECFP_6.data,MST,16,LLE,True,True,LapRLS,0.1,0,65,4.800229942798614,0,0.5,0.2803391626921038
768,analcatdata_authorship-458.data,mutKNN,2,RBF,True,True,LapRLS,0.02,0,76,0.8999721010526022,0,0.25,0.0713299507244962
769,analcatdata_authorship-458.data,mutKNN,2,RBF,True,True,LapRLS,0.05,0,102,1.6448912541071574,0,0.25,0.0716417600016639
770,analcatdata_authorship-458.data,mutKNN,2,RBF,True,True,LapRLS,0.08,0,133,2.40535181760788,0,0.25,0.0726221195287476
771,analcatdata_authorship-458.data,mutKNN,2,RBF,True,True,LapRLS,0.1,0,17,3.162767493724823,0,0.25,0.0739354451144844
772,analcatdata_authorship-458.data,mutKNN,2,HM,True,True,LapRLS,0.02,0,167,4.241355697313945,0,0.25,0.0690573128719072
773,analcatdata_authorship-458.data,mutKNN,2,HM,True,True,LapRLS,0.05,0,80,5.022530448436737,0,0.25,0.0669732787082528
774,analcatdata_authorship-458.data,mutKNN,2,HM,True,True,LapRLS,0.08,0,122,5.7932266553243,0,0.25,0.0677772563523771
775,analcatdata_authorship-458.data,mutKNN,2,HM,True,True,LapRLS,0.1,0,7,6.57048046986262,0,0.25,0.0641007632158074
776,analcatdata_authorship-458.data,mutKNN,2,LLE,True,True,LapRLS,0.02,0,104,7.376607179641724,0,0.25,0.0690573128719072
777,analcatdata_authorship-458.data,mutKNN,2,LLE,True,True,LapRLS,0.05,0,114,8.161169532934824,0,0.25,0.0677423485721603
778,analcatdata_authorship-458.data,mutKNN,2,LLE,True,True,LapRLS,0.08,0,181,8.93889476855596,0,0.25,0.0726221195287476
779,analcatdata_authorship-458.data,mutKNN,2,LLE,True,True,LapRLS,0.1,0,108,9.709049828847249,0,0.25,0.0722563764139256
780,analcatdata_authorship-458.data,symKNN,2,RBF,True,True,LapRLS,0.02,0,24,10.61306889851888,0,0.25,0.0713299507244962
781,analcatdata_authorship-458.data,symKNN,2,RBF,True,True,LapRLS,0.05,0,61,11.385363427797952,0,0.25,0.0700712279659648
782,analcatdata_authorship-458.data,symKNN,2,RBF,True,True,LapRLS,0.08,0,75,12.139189076423644,0,0.25,0.0669832047107106
783,analcatdata_authorship-458.data,symKNN,2,RBF,True,True,LapRLS,0.1,0,176,12.861010428269704,0,0.25,0.0673146400018646
784,analcatdata_authorship-458.data,symKNN,2,HM,True,True,LapRLS,0.02,0,151,13.892942893505095,0,0.25,0.0705690453400011
785,analcatdata_authorship-458.data,symKNN,2,HM,True,True,LapRLS,0.05,0,28,14.654245122273762,0,0.25,0.0724323762774812
786,analcatdata_authorship-458.data,symKNN,2,HM,True,True,LapRLS,0.08,0,29,15.387180789311726,0,0.25,0.0734429075308764
787,analcatdata_authorship-458.data,symKNN,2,HM,True,True,LapRLS,0.1,0,199,16.111276173591612,0,0.25,0.0714227762420533
788,analcatdata_authorship-458.data,symKNN,2,LLE,True,True,LapRLS,0.02,0,18,16.87681624889374,0,0.25,0.0698114960060227
789,analcatdata_authorship-458.data,symKNN,2,LLE,True,True,LapRLS,0.05,0,37,17.619284069538118,0,0.25,0.0677423485721603
790,analcatdata_authorship-458.data,symKNN,2,LLE,True,True,LapRLS,0.08,0,2,18.365258240699767,0,0.25,0.0726221195287476
791,analcatdata_authorship-458.data,symKNN,2,LLE,True,True,LapRLS,0.1,0,161,19.095585636297866,0,0.25,0.0730939370283632
792,analcatdata_authorship-458.data,symFKNN,2,RBF,True,True,LapRLS,0.02,0,50,19.96916571855545,0,0.25,0.0690573128719072
793,analcatdata_authorship-458.data,symFKNN,2,RBF,True,True,LapRLS,0.05,0,116,20.710735404491423,0,0.25,0.0700712279659648
794,analcatdata_authorship-458.data,symFKNN,2,RBF,True,True,LapRLS,0.08,0,186,21.44045840104421,0,0.25,0.0709919038725251
795,analcatdata_authorship-458.data,symFKNN,2,RBF,True,True,LapRLS,0.1,0,112,22.16479883591334,0,0.25,0.0641007632158074
796,analcatdata_authorship-458.data,symFKNN,2,HM,True,True,LapRLS,0.02,0,107,23.17070646683375,0,0.25,0.0713299507244962
797,analcatdata_authorship-458.data,symFKNN,2,HM,True,True,LapRLS,0.05,0,81,23.9159895380338,0,0.25,0.0732265446224256
798,analcatdata_authorship-458.data,symFKNN,2,HM,True,True,LapRLS,0.08,0,148,24.662224165598552,0,0.25,0.0685751644896994
799,analcatdata_authorship-458.data,symFKNN,2,HM,True,True,LapRLS,0.1,0,142,25.412189718087514,0,0.25,0.074780887757987
800,analcatdata_authorship-458.data,symFKNN,2,LLE,True,True,LapRLS,0.02,0,19,26.192050981521607,0,0.25,0.0690573128719072
801,analcatdata_authorship-458.data,symFKNN,2,LLE,True,True,LapRLS,0.05,0,4,26.9337485909462,0,0.25,0.0669732787082528
802,analcatdata_authorship-458.data,symFKNN,2,LLE,True,True,LapRLS,0.08,0,155,27.743845244248707,0,0.25,0.0693769166957311
803,analcatdata_authorship-458.data,symFKNN,2,LLE,True,True,LapRLS,0.1,0,11,28.501070360342663,0,0.25,0.0681282413955681
804,analcatdata_authorship-458.data,MST,2,RBF,True,True,LapRLS,0.02,0,127,29.457163484891257,0,0.25,0.0713299507244962
805,analcatdata_authorship-458.data,MST,2,RBF,True,True,LapRLS,0.05,0,190,30.2158221801122,0,0.25,0.0692913344756271
806,analcatdata_authorship-458.data,MST,2,RBF,True,True,LapRLS,0.08,0,33,30.9526770234108,0,0.25,0.0701825005968607
807,analcatdata_authorship-458.data,MST,2,RBF,True,True,LapRLS,0.1,0,68,31.676226035753885,0,0.25,0.0665050780817043
808,analcatdata_authorship-458.data,MST,2,HM,True,True,LapRLS,0.02,0,191,158.74895325104396,0,0.25,0.0698114960060227
809,analcatdata_authorship-458.data,MST,2,HM,True,True,LapRLS,0.05,0,77,159.5631806174914,0,0.25,0.0677423485721603
810,analcatdata_authorship-458.data,MST,2,HM,True,True,LapRLS,0.08,0,18,160.34065952301026,0,0.25,0.0709919038725251
811,analcatdata_authorship-458.data,MST,2,HM,True,True,LapRLS,0.1,0,168,161.10115785598754,0,0.25,0.0714227762420533
812,analcatdata_authorship-458.data,MST,2,LLE,True,True,LapRLS,0.02,0,183,162.04584573109943,0,0.25,0.0698114960060227
813,analcatdata_authorship-458.data,MST,2,LLE,True,True,LapRLS,0.05,0,45,162.9811484336853,0,0.25,0.0732265446224256
814,analcatdata_authorship-458.data,MST,2,LLE,True,True,LapRLS,0.08,0,159,163.75183758338292,0,0.25,0.0750957833269431
815,analcatdata_authorship-458.data,MST,2,LLE,True,True,LapRLS,0.1,0,104,164.51003512938817,0,0.25,0.0689458689458689
816,analcatdata_authorship-458.data,mutKNN,4,RBF,True,True,LapRLS,0.02,0,37,165.4022727807363,0,0.25,0.0705690453400011
817,analcatdata_authorship-458.data,mutKNN,4,RBF,True,True,LapRLS,0.05,0,172,166.1765760938327,0,0.25,0.0724323762774812
818,analcatdata_authorship-458.data,mutKNN,4,RBF,True,True,LapRLS,0.08,0,3,166.93708163499832,0,0.25,0.0677772563523771
819,analcatdata_authorship-458.data,mutKNN,4,RBF,True,True,LapRLS,0.1,0,178,167.7033197402954,0,0.25,0.0722563764139256
820,analcatdata_authorship-458.data,mutKNN,4,HM,True,True,LapRLS,0.02,0,41,168.83255083560942,0,0.25,0.0713299507244962
821,analcatdata_authorship-458.data,mutKNN,4,HM,True,True,LapRLS,0.05,0,98,169.605018500487,0,0.25,0.0716417600016639
822,analcatdata_authorship-458.data,mutKNN,4,HM,True,True,LapRLS,0.08,0,25,170.36582005023956,0,0.25,0.0685751644896994
823,analcatdata_authorship-458.data,mutKNN,4,HM,True,True,LapRLS,0.1,0,104,171.11762548685073,0,0.25,0.0689458689458689
824,analcatdata_authorship-458.data,mutKNN,4,LLE,True,True,LapRLS,0.02,0,37,171.91134293874106,0,0.25,0.0705690453400011
825,analcatdata_authorship-458.data,mutKNN,4,LLE,True,True,LapRLS,0.05,0,172,172.68625220855077,0,0.25,0.0724323762774812
826,analcatdata_authorship-458.data,mutKNN,4,LLE,True,True,LapRLS,0.08,0,3,173.45392864545187,0,0.25,0.0677772563523771
827,analcatdata_authorship-458.data,mutKNN,4,LLE,True,True,LapRLS,0.1,0,178,174.18036731481553,0,0.25,0.0722563764139256
828,analcatdata_authorship-458.data,symKNN,4,RBF,True,True,LapRLS,0.02,0,41,175.04195208152134,0,0.25,0.0713299507244962
829,analcatdata_authorship-458.data,symKNN,4,RBF,True,True,LapRLS,0.05,0,98,175.7856030702591,0,0.25,0.0716417600016639
830,analcatdata_authorship-458.data,symKNN,4,RBF,True,True,LapRLS,0.08,0,25,176.51712350845338,0,0.25,0.0685751644896994
831,analcatdata_authorship-458.data,symKNN,4,RBF,True,True,LapRLS,0.1,0,104,177.24110545317333,0,0.25,0.0689458689458689
832,analcatdata_authorship-458.data,symKNN,4,HM,True,True,LapRLS,0.02,0,37,178.30802560249964,0,0.25,0.0705690453400011
833,analcatdata_authorship-458.data,symKNN,4,HM,True,True,LapRLS,0.05,0,172,179.05590194066366,0,0.25,0.0724323762774812
834,analcatdata_authorship-458.data,symKNN,4,HM,True,True,LapRLS,0.08,0,3,179.78971110184986,0,0.25,0.0677772563523771
835,analcatdata_authorship-458.data,symKNN,4,HM,True,True,LapRLS,0.1,0,178,180.5144835948944,0,0.25,0.0722563764139256
836,analcatdata_authorship-458.data,symKNN,4,LLE,True,True,LapRLS,0.02,0,41,181.2831693808237,0,0.25,0.0713299507244962
837,analcatdata_authorship-458.data,symKNN,4,LLE,True,True,LapRLS,0.05,0,98,182.0294781645139,0,0.25,0.0716417600016639
838,analcatdata_authorship-458.data,symKNN,4,LLE,True,True,LapRLS,0.08,0,25,182.764099919796,0,0.25,0.0685751644896994
839,analcatdata_authorship-458.data,symKNN,4,LLE,True,True,LapRLS,0.1,0,104,183.49244031906127,0,0.25,0.0689458689458689
840,analcatdata_authorship-458.data,symFKNN,4,RBF,True,True,LapRLS,0.02,0,37,184.3521273533503,0,0.25,0.0705690453400011
841,analcatdata_authorship-458.data,symFKNN,4,RBF,True,True,LapRLS,0.05,0,172,185.0958120107651,0,0.25,0.0724323762774812
842,analcatdata_authorship-458.data,symFKNN,4,RBF,True,True,LapRLS,0.08,0,3,185.82799096504849,0,0.25,0.0677772563523771
843,analcatdata_authorship-458.data,symFKNN,4,RBF,True,True,LapRLS,0.1,0,178,186.5573008139928,0,0.25,0.0722563764139256
844,analcatdata_authorship-458.data,symFKNN,4,HM,True,True,LapRLS,0.02,0,41,187.61991717020672,0,0.25,0.0713299507244962
845,analcatdata_authorship-458.data,symFKNN,4,HM,True,True,LapRLS,0.05,0,98,188.3701529781024,0,0.25,0.0716417600016639
846,analcatdata_authorship-458.data,symFKNN,4,HM,True,True,LapRLS,0.08,0,25,189.12573961814243,0,0.25,0.0685751644896994
847,analcatdata_authorship-458.data,symFKNN,4,HM,True,True,LapRLS,0.1,0,104,1414.845679028829,0,0.25,0.0689458689458689
848,analcatdata_authorship-458.data,symFKNN,4,LLE,True,True,LapRLS,0.02,0,37,1417.8595298250516,0,0.25,0.0705690453400011
849,analcatdata_authorship-458.data,symFKNN,4,LLE,True,True,LapRLS,0.05,0,172,1419.3319924076395,0,0.25,0.0724323762774812
850,analcatdata_authorship-458.data,symFKNN,4,LLE,True,True,LapRLS,0.08,0,3,1421.1332899808883,0,0.25,0.0677772563523771
851,analcatdata_authorship-458.data,symFKNN,4,LLE,True,True,LapRLS,0.1,0,178,1422.1422552069027,0,0.25,0.0722563764139256
852,analcatdata_authorship-458.data,MST,4,RBF,True,True,LapRLS,0.02,0,41,1423.6128055930135,0,0.25,0.0713299507244962
853,analcatdata_authorship-458.data,MST,4,RBF,True,True,LapRLS,0.05,0,98,1425.0627907554308,0,0.25,0.0716417600016639
854,analcatdata_authorship-458.data,MST,4,RBF,True,True,LapRLS,0.08,0,25,1426.8263238946597,0,0.25,0.0685751644896994
855,analcatdata_authorship-458.data,MST,4,RBF,True,True,LapRLS,0.1,0,104,1428.1182003736496,0,0.25,0.0689458689458689
856,analcatdata_authorship-458.data,MST,4,HM,True,True,LapRLS,0.02,0,37,1429.661301636696,0,0.25,0.0705690453400011
857,analcatdata_authorship-458.data,MST,4,HM,True,True,LapRLS,0.05,0,172,1431.473396674792,0,0.25,0.0724323762774812
858,analcatdata_authorship-458.data,MST,4,HM,True,True,LapRLS,0.08,0,3,1433.063223540783,0,0.25,0.0677772563523771
859,analcatdata_authorship-458.data,MST,4,HM,True,True,LapRLS,0.1,0,178,1434.307657702764,0,0.25,0.0722563764139256
860,analcatdata_authorship-458.data,MST,4,LLE,True,True,LapRLS,0.02,0,41,1435.9770967125892,0,0.25,0.0713299507244962
861,analcatdata_authorship-458.data,MST,4,LLE,True,True,LapRLS,0.05,0,98,1437.1533198197685,0,0.25,0.0716417600016639
862,analcatdata_authorship-458.data,MST,4,LLE,True,True,LapRLS,0.08,0,25,1437.9451382040977,0,0.25,0.0685751644896994
863,analcatdata_authorship-458.data,MST,4,LLE,True,True,LapRLS,0.1,0,104,1438.7463230450949,0,0.25,0.0689458689458689
864,analcatdata_authorship-458.data,mutKNN,6,RBF,True,True,LapRLS,0.02,0,37,1439.6745775381723,0,0.25,0.0705690453400011
865,analcatdata_authorship-458.data,mutKNN,6,RBF,True,True,LapRLS,0.05,0,172,1440.4772264281908,0,0.25,0.0724323762774812
866,analcatdata_authorship-458.data,mutKNN,6,RBF,True,True,LapRLS,0.08,0,3,1441.3970394333203,0,0.25,0.0677772563523771
867,analcatdata_authorship-458.data,mutKNN,6,RBF,True,True,LapRLS,0.1,0,178,1442.3147958199183,0,0.25,0.0722563764139256
868,analcatdata_authorship-458.data,mutKNN,6,HM,True,True,LapRLS,0.02,0,41,1443.4435950835546,0,0.25,0.0713299507244962
869,analcatdata_authorship-458.data,mutKNN,6,HM,True,True,LapRLS,0.05,0,98,1444.244211423397,0,0.25,0.0716417600016639
870,analcatdata_authorship-458.data,mutKNN,6,HM,True,True,LapRLS,0.08,0,25,1445.0355110526084,0,0.25,0.0685751644896994
871,analcatdata_authorship-458.data,mutKNN,6,HM,True,True,LapRLS,0.1,0,104,1445.8380642255147,0,0.25,0.0689458689458689
872,analcatdata_authorship-458.data,mutKNN,6,LLE,True,True,LapRLS,0.02,0,37,1446.6820423563322,0,0.25,0.0705690453400011
873,analcatdata_authorship-458.data,mutKNN,6,LLE,True,True,LapRLS,0.05,0,172,1447.5063910722731,0,0.25,0.0724323762774812
874,analcatdata_authorship-458.data,mutKNN,6,LLE,True,True,LapRLS,0.08,0,3,1448.2858282725017,0,0.25,0.0677772563523771
875,analcatdata_authorship-458.data,mutKNN,6,LLE,True,True,LapRLS,0.1,0,178,1449.3231668114663,0,0.25,0.0722563764139256
876,analcatdata_authorship-458.data,symKNN,6,RBF,True,True,LapRLS,0.02,0,41,1450.340570306778,0,0.25,0.0713299507244962
877,analcatdata_authorship-458.data,symKNN,6,RBF,True,True,LapRLS,0.05,0,98,1451.2300592144331,0,0.25,0.0716417600016639
878,analcatdata_authorship-458.data,symKNN,6,RBF,True,True,LapRLS,0.08,0,25,1452.132581937313,0,0.25,0.0685751644896994
879,analcatdata_authorship-458.data,symKNN,6,RBF,True,True,LapRLS,0.1,0,104,1453.0064374407132,0,0.25,0.0689458689458689
880,analcatdata_authorship-458.data,symKNN,6,HM,True,True,LapRLS,0.02,0,37,1454.2763870835304,0,0.25,0.0705690453400011
881,analcatdata_authorship-458.data,symKNN,6,HM,True,True,LapRLS,0.05,0,172,1455.0796616355578,0,0.25,0.0724323762774812
882,analcatdata_authorship-458.data,symKNN,6,HM,True,True,LapRLS,0.08,0,3,1456.0064598759016,0,0.25,0.0677772563523771
883,analcatdata_authorship-458.data,symKNN,6,HM,True,True,LapRLS,0.1,0,178,1456.8554325977962,0,0.25,0.0722563764139256
884,analcatdata_authorship-458.data,symKNN,6,LLE,True,True,LapRLS,0.02,0,41,1457.8689949631691,0,0.25,0.0713299507244962
885,analcatdata_authorship-458.data,symKNN,6,LLE,True,True,LapRLS,0.05,0,98,1458.7077697316806,0,0.25,0.0716417600016639
886,analcatdata_authorship-458.data,symKNN,6,LLE,True,True,LapRLS,0.08,0,25,1459.605357269446,0,0.25,0.0685751644896994
887,analcatdata_authorship-458.data,symKNN,6,LLE,True,True,LapRLS,0.1,0,104,1460.8870882431663,0,0.25,0.0689458689458689
888,analcatdata_authorship-458.data,symFKNN,6,RBF,True,True,LapRLS,0.02,0,37,1462.1434418757756,0,0.25,0.0705690453400011
889,analcatdata_authorship-458.data,symFKNN,6,RBF,True,True,LapRLS,0.05,0,172,1462.9452667077385,0,0.25,0.0724323762774812
890,analcatdata_authorship-458.data,symFKNN,6,RBF,True,True,LapRLS,0.08,0,3,1463.7256870786348,0,0.25,0.0677772563523771
891,analcatdata_authorship-458.data,symFKNN,6,RBF,True,True,LapRLS,0.1,0,178,1464.8036060929298,0,0.25,0.07225637641392565
